Date,NAV,NAVex,DEQia,DEQexa
28.02.2013 00:00,4490000,1807404.359,0.402539946,0
01.03.2013 00:00,4518126.359,1801772.487,0.398787538,-0.311599988
04.03.2013 00:00,4512494.487,1821096.804,0.403567652,0.757575103
05.03.2013 00:00,4531818.804,1913823.132,0.422307955,1.021089076
06.03.2013 00:00,4520784.132,1906706.262,0.421764501,0.66559999
07.03.2013 00:00,4513667.262,1923917.595,0.426242672,1.465945276
08.03.2013 00:00,4540859.595,2272126.406,0.500373631,1.839875438
11.03.2013 00:00,4537532.406,2277964.093,0.502027069,2.101528709
12.03.2013 00:00,4543370.093,2296358.156,0.505430574,2.929744868
13.03.2013 00:00,4561764.156,2314653.469,0.507403143,3.749796346
14.03.2013 00:00,4587871.469,2303055.996,0.501987907,3.072632841
15.03.2013 00:00,4576273.996,2305028.309,0.503691062,3.191797355
18.03.2013 00:00,4578246.309,2305603.028,0.503599604,3.217526458
19.03.2013 00:00,4578821.028,2309625.35,0.504414856,3.397598255
20.03.2013 00:00,4582843.35,2349257.762,0.512620132,3.15112628
21.03.2013 00:00,4576695.762,2346905.332,0.512794701,2.967616054
22.03.2013 00:00,4574343.332,2351967.829,0.514165129,3.189726926
25.03.2013 00:00,4579405.829,2370414.819,0.517624973,4.017491949
26.03.2013 00:00,4597852.819,2467839.444,0.536737373,4.406143037
27.03.2013 00:00,4901304.444,2468808.461,0.503704369,4.374718374
28.03.2013 00:00,4900432.461,2472235.234,0.504493278,4.51959329
29.03.2013 00:00,4903859.234,2460371.095,0.501721395,4.037918327
01.04.2013 00:00,4891995.095,2477861.688,0.506513527,4.777516056
02.04.2013 00:00,4909485.688,2464352.056,0.501957275,4.206255055
03.04.2013 00:00,4895976.056,2464095.578,0.503289957,4.226727478
04.04.2013 00:00,4895719.578,2588743.995,0.528777017,2.002925292
05.04.2013 00:00,4856415.995,2774810.177,0.571369953,2.5424589
08.04.2013 00:00,4897913.177,2961205.198,0.604585073,2.676103176
09.04.2013 00:00,4903079.198,2949865.489,0.601635293,3.754643577
10.04.2013 00:00,4947239.489,2947025.121,0.595690815,3.693843191
11.04.2013 00:00,4892236.121,2973155.855,0.607729427,2.870389625
12.04.2013 00:00,4918366.855,2967823.299,0.603416416,1.224098703
15.04.2013 00:00,4869034.299,2965880.3,0.609131117,1.157828473
16.04.2013 00:00,4867091.3,2969607.347,0.610140054,-0.048770809
17.04.2013 00:00,4859818.347,2960607.916,0.609201354,-0.271298788
18.04.2013 00:00,4851607.916,3019609.852,0.622393628,0.120628088
19.04.2013 00:00,4835237.852,3259227.934,0.674057416,0.7080216
22.04.2013 00:00,4848760.934,3314524.678,0.68358179,2.416655019
23.04.2013 00:00,4904057.678,3351605.044,0.683435078,3.659635897
24.04.2013 00:00,4949034.044,3378189.602,0.682595749,4.435123142
25.04.2013 00:00,4975618.602,3426668.443,0.688691943,4.476940595
26.04.2013 00:00,5030802.443,3436889.196,0.683169183,5.134841162
29.04.2013 00:00,5041023.196,3446555.768,0.683701628,5.429556701
30.04.2013 00:00,5050689.768,3434841.714,0.680073786,5.071225779
01.05.2013 00:00,5038975.714,3470702.888,0.688771505,6.16593106
02.05.2013 00:00,5074836.888,3458953.067,0.681589013,7.106016784
03.05.2013 00:00,5063087.067,3467629.337,0.684884398,7.372261051
06.05.2013 00:00,5071763.337,3464756.874,0.683146402,7.28331762
07.05.2013 00:00,5068890.874,3505672.703,0.691605479,7.060049845
08.05.2013 00:00,5057672.703,3502745.723,0.692560774,6.989154835
09.05.2013 00:00,5054745.723,3479818.142,0.688425953,7.690429666
10.05.2013 00:00,5083203.142,3428274.214,0.674431873,7.786614578
13.05.2013 00:00,5086056.214,3449580.131,0.678242628,8.479883513
14.05.2013 00:00,5106913.131,3529741.538,0.691169293,9.466891377
15.05.2013 00:00,5135202.538,3465842.485,0.674918362,9.157258988
16.05.2013 00:00,5125013.485,3462834.087,0.675673166,10.54538245
17.05.2013 00:00,5166307.087,3478218.475,0.673250431,11.03650418
20.05.2013 00:00,5183956.475,3480689.879,0.671435012,11.11539974
21.05.2013 00:00,5186427.879,3470104.836,0.669074152,10.81021094
22.05.2013 00:00,5223269.836,3485297.793,0.667263592,9.657825065
23.05.2013 00:00,5186472.793,3478686.554,0.670722993,9.484579278
24.05.2013 00:00,5175442.554,3482771.061,0.672941691,9.61313084
27.05.2013 00:00,5183776.061,3526044.157,0.680207655,10.97506345
28.05.2013 00:00,5227049.157,3475878.362,0.664979084,9.553187056
29.05.2013 00:00,5176883.362,3474403.631,0.671138094,9.545575809
30.05.2013 00:00,5175531.631,3441027.662,0.66486458,8.550517837
31.05.2013 00:00,5143161.232,3446372.846,0.670088432,8.71913678
03.06.2013 00:00,5148506.416,3434144.43,0.667017607,8.333379688
04.06.2013 00:00,5136278,3383123.608,0.658672215,6.722191337
05.06.2013 00:00,5091332.878,3729462.377,0.73251199,5.970464775
06.06.2013 00:00,5093605.517,3767709.392,0.739693991,6.924746035
07.06.2013 00:00,5131586.042,3825121.396,0.745407241,7.193291639
10.06.2013 00:00,5141488.396,3769279.315,0.733110536,5.628401057
11.06.2013 00:00,5085372.315,3790254.955,0.745324967,4.837309445
12.06.2013 00:00,5057030.955,3836982.64,0.75874217,5.457077938
13.06.2013 00:00,5079847.64,3828060.551,0.753577828,5.137342863
14.06.2013 00:00,5070301.551,3859447.217,0.761186919,5.999374848
17.06.2013 00:00,5101688.217,3908811.811,0.766180065,6.028692981
18.06.2013 00:00,5101727.811,3973493.745,0.778852556,5.113029004
19.06.2013 00:00,4925379.745,4137057.057,0.839946821,3.020213853
20.06.2013 00:00,4846878.057,4302123.856,0.887607199,2.605087944
21.06.2013 00:00,4966666.856,4110228.477,0.827562749,1.118847906
24.06.2013 00:00,5670408.477,4154371.858,0.732640669,2.204852702
25.06.2013 00:00,5714551.858,4553457.955,0.79681803,3.705223858
26.06.2013 00:00,5776140.955,4595303.701,0.795566406,4.079518912
27.06.2013 00:00,5792149.341,4735349.67,0.817546198,3.547856327
28.06.2013 00:00,5774105.67,4766291.606,0.825459712,4.277183461
01.07.2013 00:00,6303467.606,4766450.657,0.756163267,4.280663201
02.07.2013 00:00,6303626.657,4868153.999,0.772278287,4.132824567
03.07.2013 00:00,6299994.999,4911517.918,0.779606638,5.121497225
04.07.2013 00:00,6342931.918,4915095.579,0.774893321,5.113005785
05.07.2013 00:00,6346345.579,4956947.122,0.7810711,6.037001661
08.07.2013 00:00,6388533.122,5064298.805,0.792716999,7.134210556
09.07.2013 00:00,6441995.805,5063048.455,0.785944078,7.107759657
10.07.2013 00:00,6440745.455,5078377.321,0.788476638,7.503736908
11.07.2013 00:00,6603804.321,5070575.962,0.767826501,7.262835532
12.07.2013 00:00,6595866.962,5121286.722,0.776438753,7.597824792
15.07.2013 00:00,6611587.722,5091977.948,0.770159629,6.982049806
16.07.2013 00:00,6582278.948,5122426.424,0.778214728,7.629491521
17.07.2013 00:00,6611738.424,5202431.193,0.786847703,8.185524127
18.07.2013 00:00,6633274.193,5234802.741,0.789173278,7.859666135
19.07.2013 00:00,6620668.741,5232776.648,0.790369803,7.817919825
22.07.2013 00:00,6618469.648,5012104.201,0.757290502,7.463873802
23.07.2013 00:00,6575931.201,5201889.06,0.7910498,7.834964628
24.07.2013 00:00,6597355.06,5175292.043,0.784449525,7.284236222
25.07.2013 00:00,6569679.043,5162994.668,0.785882329,6.989946966
26.07.2013 00:00,6557678.668,5159823.728,0.786836927,6.911415809
29.07.2013 00:00,6554507.728,5137398.83,0.783796288,6.453652937
30.07.2013 00:00,6532082.83,5121470.892,0.784048676,6.110497457
31.07.2013 00:00,6516154.892,5172270.428,0.793761123,7.224683861
01.08.2013 00:00,6569423.428,4990034.974,0.759584921,7.374916416
02.08.2013 00:00,6588819.974,4991772.066,0.757612453,7.454875611
05.08.2013 00:00,6590557.066,4961663.102,0.752844267,6.758052798
06.08.2013 00:00,6560448.102,4951791.536,0.754794712,6.551023347
07.08.2013 00:00,6647321.536,4808458.3,0.723367792,6.903108521
08.08.2013 00:00,6615919.3,4823080.482,0.729011384,7.109101532
09.08.2013 00:00,6629183.482,4840180.262,0.730132191,7.495613041
12.08.2013 00:00,6648315.262,4874267.517,0.7331583,8.32430424
13.08.2013 00:00,6682402.517,4875520.817,0.729605977,8.376378286
14.08.2013 00:00,6683655.817,4827632.184,0.722304128,7.113343712
15.08.2013 00:00,6626753.184,4991302.176,0.75320478,6.607626286
16.08.2013 00:00,6605013.176,4971801.389,0.752731487,6.146480786
19.08.2013 00:00,6636784.389,5108325.955,0.769698947,5.454779339
20.08.2013 00:00,6601737.955,5090793.49,0.771129288,4.996960253
21.08.2013 00:00,6584205.49,5142012.698,0.780961759,6.17944289
22.08.2013 00:00,6638591.698,5271900.993,0.794129423,6.866835101
23.08.2013 00:00,6672170.993,5271042.793,0.790004153,6.802298054
26.08.2013 00:00,6669635.793,5350000.738,0.802142861,5.073413367
27.08.2013 00:00,6633004.738,5387647.708,0.812248434,5.166457083
28.08.2013 00:00,6637889.708,5415623.757,0.815865282,5.777384913
29.08.2013 00:00,6671391.757,5388251.178,0.807665233,5.148246184
30.08.2013 00:00,6642497.178,5427514.81,0.817089517,5.989034653
02.09.2013 00:00,6682203.81,5427498.151,0.812231759,6.025451762
03.09.2013 00:00,6687714.151,5454264.346,0.815564814,6.700241548
04.09.2013 00:00,6714480.346,5489971.661,0.817631653,7.41062324
05.09.2013 00:00,6758606.661,5504430.971,0.814432803,7.626993926
06.09.2013 00:00,6777924.971,5508807.358,0.812757205,7.850100724
09.09.2013 00:00,6787263.358,5559139.362,0.819054613,8.953157941
10.09.2013 00:00,6843034.002,5558033.444,0.812217715,8.990571574
11.09.2013 00:00,6841928.084,5555081.656,0.811917575,8.896174537
12.09.2013 00:00,6839584.656,5583713.189,0.81638191,9.474987528
13.09.2013 00:00,6866129.819,5586518.416,0.813634254,9.608730461
16.09.2013 00:00,6874246.416,5599995.205,0.814634051,9.920447106
17.09.2013 00:00,6890829.205,5640173.184,0.818504278,10.88297098
18.09.2013 00:00,6940223.184,5545296.31,0.799008355,10.31375597
19.09.2013 00:00,6906096.31,5402734.169,0.78231376,9.525563051
20.09.2013 00:00,7247640.169,5399442.787,0.74499322,9.354470629
23.09.2013 00:00,7160985.787,5401164.319,0.754248714,9.422205141
24.09.2013 00:00,7162707.319,5399775.446,0.753873529,9.323198226
25.09.2013 00:00,7161318.446,5409717.467,0.755408031,9.597142698
26.09.2013 00:00,7173992.467,5378133.713,0.749670945,8.831363816
27.09.2013 00:00,7133998.713,5345901.169,0.7493555,8.050140014
30.09.2013 00:00,7102389.169,5369527.42,0.756017066,8.702308806
01.10.2013 00:00,7126668.42,5450538.008,0.7648087,7.937587458
02.10.2013 00:00,7088529.008,5405152.335,0.762521015,6.884258178
03.10.2013 00:00,7041599.335,5584749.322,0.793108079,7.451152265
04.10.2013 00:00,7066317.322,5566129.561,0.787698784,6.897640517
07.10.2013 00:00,7047697.561,5507179.272,0.781415381,5.602316782
08.10.2013 00:00,6988747.272,5506410.142,0.78789659,5.584883978
09.10.2013 00:00,6991577.142,5698016.907,0.814983056,7.900673241
10.10.2013 00:00,7090274.907,5707808.98,0.805019418,8.198204832
11.10.2013 00:00,6993466.98,5731559.327,0.819559075,8.706375334
14.10.2013 00:00,7526735.327,5759633.652,0.765223354,9.113977049
15.10.2013 00:00,7556204.652,5775287.712,0.764310653,9.649446058
16.10.2013 00:00,7571858.712,5790696.933,0.764765582,10.10605362
17.10.2013 00:00,7583518.933,5829034.973,0.76864514,10.84860745
18.10.2013 00:00,7566320.973,5862937.477,0.774872953,11.51235801
21.10.2013 00:00,7600223.477,5881551.797,0.773865639,11.98917052
22.10.2013 00:00,7615824.797,5883347.147,0.772516084,11.99133749
23.10.2013 00:00,7565964.147,5823461.853,0.769691971,12.72549279
24.10.2013 00:00,7651382.853,5846910.75,0.764163925,13.23715818
25.10.2013 00:00,7674831.75,5862978.577,0.76392275,13.57894406
28.10.2013 00:00,8372990.577,5875206.661,0.701685569,13.91365517
29.10.2013 00:00,8385218.661,5867494.981,0.699742633,13.68603298
30.10.2013 00:00,8381783.981,5871508.227,0.700508178,14.24918053
31.10.2013 00:00,8422107.227,6026997.271,0.715616307,14.4539651
01.11.2013 00:00,8462579.271,6050018.141,0.714914206,14.98432505
04.11.2013 00:00,8423949.141,6427232.644,0.762971444,14.89473335
05.11.2013 00:00,8416177.644,6437949.109,0.76494929,15.56180868
06.11.2013 00:00,8452764.109,6509855.556,0.770145182,15.47628849
07.11.2013 00:00,8464391.556,6530500.545,0.771526282,15.98897654
08.11.2013 00:00,8633575.545,6487043.844,0.75137396,15.5084369
11.11.2013 00:00,8601307.844,6459487.322,0.75098897,14.99085634
12.11.2013 00:00,8572405.322,6299618.757,0.73487178,15.40501936
13.11.2013 00:00,8321757.757,6369336.715,0.765383576,15.84979196
14.11.2013 00:00,8338097.715,6386489.953,0.765940886,16.14781727
15.11.2013 00:00,8355008.953,6376802.158,0.763231038,15.91996006
18.11.2013 00:00,8345321.158,6357784.41,0.761838195,15.56269638
19.11.2013 00:00,8326303.41,6371789.121,0.765260261,15.7744988
20.11.2013 00:00,8340308.121,6383215.101,0.765345238,16.08573959
21.11.2013 00:00,8359327.101,6375415.023,0.76267084,16.02608827
22.11.2013 00:00,8918527.023,6689374.815,0.75005377,16.21640335
25.11.2013 00:00,8919241.815,6639111.881,0.744358323,15.33865227
26.11.2013 00:00,8867556.881,6661015.076,0.751166885,15.76536776
27.11.2013 00:00,8891048.076,6667836.702,0.74994946,15.96849468
28.11.2013 00:00,8623117.702,6671304.48,0.773653418,15.94524759
29.11.2013 00:00,9172501.48,6781030.781,0.739278243,15.36659511
02.12.2013 00:00,11784863.78,6718674.539,0.570110496,13.89223726
03.12.2013 00:00,11722507.54,6703895.607,0.571882388,13.54770439
04.12.2013 00:00,11707728.61,6510852.42,0.556115762,12.246304
05.12.2013 00:00,11513742.42,6553644.933,0.569201976,13.4654072
06.12.2013 00:00,11556657.93,6549764.944,0.566752515,13.52707022
09.12.2013 00:00,11551937.94,7674876.687,0.664380014,12.49866558
10.12.2013 00:00,11682619.69,7614737.197,0.651800487,11.15161358
11.12.2013 00:00,11622480.2,7564987.772,0.650892722,10.17016949
12.12.2013 00:00,11566342.77,7578873.741,0.65525239,10.1819977
13.12.2013 00:00,12790390.74,8958719.978,0.700425824,11.62268755
16.12.2013 00:00,12862144.98,8911667.947,0.692860169,10.85730248
17.12.2013 00:00,12815080.95,8993054.941,0.70175561,12.42887853
18.12.2013 00:00,12896467.94,9096719.258,0.705365167,13.89171281
19.12.2013 00:00,12999854.26,9127602.312,0.702131126,14.46432754
20.12.2013 00:00,13224011.31,9195663.407,0.695376251,15.52941927
23.12.2013 00:00,13488906.41,9238939.701,0.684928742,16.1692973
24.12.2013 00:00,13532182.7,9213812.59,0.68088148,15.85335239
25.12.2013 00:00,13507055.59,9257177.372,0.685358649,16.50798721
26.12.2013 00:00,13552020.37,9310038.727,0.686985296,17.3112521
27.12.2013 00:00,11804734.73,9281006.928,0.786210545,16.92514171
30.12.2013 00:00,13469009.93,9317167.878,0.691748534,17.47538345
31.12.2013 00:00,13505170.88,9324037.956,0.690405034,17.56200459
01.01.2014 00:00,13512040.96,9256244.032,0.685036706,16.39973441
02.01.2014 00:00,13445445.03,9305714.179,0.692109049,17.02968599
03.01.2014 00:00,13495048.18,9252178.661,0.685598046,16.24665027
06.01.2014 00:00,13441372.66,9295251.207,0.691540324,17.04191636
07.01.2014 00:00,13484445.21,9292000.838,0.689090333,17.06827026
08.01.2014 00:00,13481194.84,9229818.238,0.684643932,16.24654598
09.01.2014 00:00,13421261.24,9245440.644,0.688865262,16.52881372
10.01.2014 00:00,13436677.64,9298996.243,0.692060678,16.323442
13.01.2014 00:00,13490599.24,9462170.189,0.70138991,17.56311827
14.01.2014 00:00,13520571.19,9812142.643,0.725719535,18.93161799
15.01.2014 00:00,13610645.64,9699102.895,0.712611521,18.9153041
16.01.2014 00:00,13615847.89,9759492.685,0.716774509,19.41936127
17.01.2014 00:00,13642193.69,9765157.923,0.715805548,19.47294444
20.01.2014 00:00,16529946.92,10055670.56,0.608330481,19.50738982
21.01.2014 00:00,16524273.56,10033491.09,0.607197106,19.26991385
22.01.2014 00:00,16502386.09,10462355.11,0.633990445,17.35386509
23.01.2014 00:00,16368149.11,10250388.97,0.626239956,13.93621078
24.01.2014 00:00,16149951.97,10205039.2,0.631892851,13.25719596
27.01.2014 00:00,15835635.2,10324903.73,0.652004394,13.61022991
28.01.2014 00:00,15855556.73,10430118.3,0.657821007,12.8231041
29.01.2014 00:00,15799271.3,10492052.9,0.664084609,13.64471343
30.01.2014 00:00,15861523.9,10514035.16,0.662864125,13.72433831
31.01.2014 00:00,15883736.16,10715248.67,0.674605053,11.34523719
03.02.2014 00:00,15705814.67,10697682.48,0.681128786,11.292332
04.02.2014 00:00,15714936.48,10685397.69,0.679951695,11.25325477
05.02.2014 00:00,15702651.69,10792918.12,0.687330925,12.88941953
06.02.2014 00:00,15815139.12,10888452.03,0.688482848,14.28775684
07.02.2014 00:00,15910456.03,10906277.59,0.685478629,14.51253905
10.02.2014 00:00,15928145.59,11206938.55,0.703593428,16.43519349
11.02.2014 00:00,16067827.55,11555932.48,0.719196945,17.59574712
12.02.2014 00:00,16163254.48,11501762.58,0.711599424,17.15247739
13.02.2014 00:00,16108059.58,11570503.99,0.718305264,17.98549932
14.02.2014 00:00,16176810.99,11686085.14,0.722397334,18.20464057
17.02.2014 00:00,17990778.14,11710508.59,0.650917292,18.06484028
18.02.2014 00:00,17970825.59,11513163.71,0.640658586,18.29309049
19.02.2014 00:00,18003144.71,11329808.48,0.629323858,18.50863944
20.02.2014 00:00,18005330.48,11330643.99,0.629293864,18.51877875
21.02.2014 00:00,18007547.99,11395564.01,0.632821527,19.43382341
24.02.2014 00:00,18070868.01,11372894.67,0.629349662,19.25463021
25.02.2014 00:00,18050359.67,11373669.69,0.630107649,19.18294614
26.02.2014 00:00,18052196.69,11513620.54,0.637796094,19.46986603
27.02.2014 00:00,18204271.87,11475176.25,0.630356234,19.0795862
28.02.2014 00:00,18164447.14,11606885.41,0.638989192,17.47240467
03.03.2014 00:00,18094749.12,11790398.79,0.651592277,20.14008974
04.03.2014 00:00,18278262.85,11791066.69,0.645086833,20.19268876
05.03.2014 00:00,18278932.67,11738248.82,0.642173645,19.79397326
06.03.2014 00:00,18229202.28,11650016.75,0.639085385,18.54621469
07.03.2014 00:00,18139969.14,11595150.69,0.639204544,17.87359726
10.03.2014 00:00,18089729.31,11571427.58,0.639668366,17.46046077
11.03.2014 00:00,18066007.92,11521231.18,0.637729776,16.80980124
12.03.2014 00:00,18015809.37,11348507.48,0.629919381,14.54956147
13.03.2014 00:00,17844059.8,12557345.39,0.703726928,13.85020401
14.03.2014 00:00,17805126.01,12663319.73,0.711217641,15.24670511
17.03.2014 00:00,19754399.86,12778908.17,0.646889213,16.59272092
18.03.2014 00:00,19869987.84,12743263.87,0.641332243,16.10202648
19.03.2014 00:00,19834345.95,12843142.19,0.647520328,17.20234828
20.03.2014 00:00,19934729.19,12856378.7,0.64492367,17.19229564
21.03.2014 00:00,19948012.23,12811630.74,0.642250997,16.46435385
24.03.2014 00:00,19753851.71,12960401.94,0.656094929,18.16769912
25.03.2014 00:00,19902719.22,13032885.37,0.654829384,18.79477146
26.03.2014 00:00,19978751.03,13060200.19,0.653704537,19.06010272
27.03.2014 00:00,20009614.5,13108712.78,0.655120706,19.98080327
28.03.2014 00:00,20088839.77,13144411,0.654314094,20.53360157
31.03.2014 00:00,20322015.26,12892060.32,0.634388871,21.43295316
01.04.2014 00:00,20388108.69,12933084.65,0.634344502,21.95618546
02.04.2014 00:00,20429134.98,12919027.71,0.632382513,21.82714314
03.04.2014 00:00,20413276.98,12905747.56,0.632223213,21.4182575
04.04.2014 00:00,20400043.87,12783256.72,0.626628884,19.76349689
07.04.2014 00:00,20197535.17,12784627.11,0.632979569,19.81337863
08.04.2014 00:00,20198908.81,12837921.67,0.63557501,20.75226525
09.04.2014 00:00,20252204.02,12674123.1,0.625814508,18.5846133
10.04.2014 00:00,20090290.59,13751063.52,0.684463147,16.93418781
11.04.2014 00:00,19965506.2,13939526.03,0.698180446,18.86018942
14.04.2014 00:00,20092365.58,13913973.88,0.692500533,18.67897267
15.04.2014 00:00,20067019.33,14055828.65,0.700444267,20.33347384
16.04.2014 00:00,20208751.31,14113583.24,0.698389674,20.93627054
17.04.2014 00:00,20266440.98,14118379.53,0.696638326,20.97695327
18.04.2014 00:00,20306249.32,14156955.46,0.697172345,21.39012669
21.04.2014 00:00,20344916.26,14244014.95,0.700126497,22.6495464
22.04.2014 00:00,20431978.2,14174913.24,0.693761177,21.95688304
23.04.2014 00:00,20361190.24,14186312.34,0.69673296,22.07156013
24.04.2014 00:00,20397867.34,14110190.4,0.691748317,21.06097055
25.04.2014 00:00,20320450.4,13920521.68,0.685049859,21.87098198
28.04.2014 00:00,20400493.68,14013850.01,0.686936808,22.97750893
29.04.2014 00:00,20495168.01,13989801.06,0.682590211,22.90634875
30.04.2014 00:00,20476399.06,13965361.84,0.682022351,22.6899992
01.05.2014 00:00,20452238.84,13937747.37,0.681477832,22.39187904
02.05.2014 00:00,20430112.37,13895736.39,0.680159567,22.19181866
05.05.2014 00:00,21400900.39,13873004.64,0.648243971,21.78155374
06.05.2014 00:00,21378168.64,13895890.28,0.650003773,22.31856072
07.05.2014 00:00,21401054.28,13995231.82,0.653950578,23.39474341
08.05.2014 00:00,21520467.82,14045884.1,0.652675593,23.70104586
09.05.2014 00:00,21571800.1,14127456.51,0.654903923,25.01936845
12.05.2014 00:00,21673255.51,14201549.61,0.655256872,25.79707375
13.05.2014 00:00,21747348.61,14178469.35,0.651963124,25.61882993
14.05.2014 00:00,21724268.35,14127332.97,0.6503019,24.88333152
15.05.2014 00:00,21717275.29,14152867.46,0.651687068,25.19270284
16.05.2014 00:00,21744291.46,14174552.63,0.651874661,25.49835254
19.05.2014 00:00,21390906.63,14120897.06,0.66013551,24.88283373
20.05.2014 00:00,21337251.06,14209661.77,0.665955597,26.01651697
21.05.2014 00:00,21426015.77,14243149.48,0.664759591,26.45757293
22.05.2014 00:00,21469287.48,14282223.88,0.66523977,26.82086106
23.05.2014 00:00,21510137.88,14288863.08,0.664285053,27.04499744
26.05.2014 00:00,21572574.35,14331176.76,0.664323902,27.58984201
27.05.2014 00:00,21616570.76,14300306.16,0.661543698,27.33514635
28.05.2014 00:00,21585431.16,14360119.8,0.665269074,28.03610573
29.05.2014 00:00,21647912.8,14345364.82,0.662667341,27.870615
30.05.2014 00:00,21633522.82,14356577.79,0.663626443,28.07028324
02.06.2014 00:00,21649822.79,14306587.97,0.660817786,27.52859669
03.06.2014 00:00,21599038.97,14292379.06,0.661713657,27.47172399
04.06.2014 00:00,21588209.06,14358524.95,0.665109593,28.33919773
05.06.2014 00:00,21656844.95,16447225.59,0.759446984,28.9000026
06.06.2014 00:00,21858660.59,16503514.47,0.755010327,29.34556227
09.06.2014 00:00,21916531.47,16553535.26,0.755299044,29.75925029
10.06.2014 00:00,21967254.26,17223927.83,0.784072858,29.31934608
11.06.2014 00:00,21957501.03,17174453.26,0.782167936,28.82743201
12.06.2014 00:00,21912356,17256161.54,0.787508269,29.4247286
13.06.2014 00:00,21992383.8,17446001.18,0.793274678,29.11223501
16.06.2014 00:00,21933083.77,17671035.07,0.805679459,29.66393321
17.06.2014 00:00,22001840.8,17647939.54,0.802111955,29.64158895
18.06.2014 00:00,21979821.51,17670623.85,0.803947559,29.80522697
19.06.2014 00:00,22003638.96,17734063.9,0.805960502,30.21456121
20.06.2014 00:00,22187118.46,17682131.7,0.796954852,29.83872335
23.06.2014 00:00,22134002.91,17645165.25,0.797197205,29.46523592
24.06.2014 00:00,22096995.87,17551324.65,0.794285556,28.82853669
25.06.2014 00:00,22003114.82,17549932.72,0.797611286,28.84809218
26.06.2014 00:00,22002737.57,17559518.39,0.79806062,28.85165417
27.06.2014 00:00,22009579.61,17516617.58,0.795863342,28.56442362
30.06.2014 00:00,21983205.56,17640283.03,0.802443619,29.5950739
01.07.2014 00:00,22107033.02,17660713.09,0.798873059,29.78393785
02.07.2014 00:00,22127849.41,17830031.38,0.805773351,31.12505587
03.07.2014 00:00,22300718.31,17211035.27,0.771770444,31.20158341
04.07.2014 00:00,22317746.31,17099166.93,0.76616907,30.28105606
07.07.2014 00:00,22215934.3,16926059,0.761888236,28.92793997
08.07.2014 00:00,22042823.92,16920686.02,0.767627872,28.94952883
09.07.2014 00:00,21980254.92,16852956.37,0.766731616,28.37992968
10.07.2014 00:00,21912919.38,16868570.45,0.769800233,28.4546215
11.07.2014 00:00,21928887.03,16970174.21,0.773873028,29.27117863
14.07.2014 00:00,22029852.35,16982118.86,0.770868483,29.35588562
15.07.2014 00:00,22041812.11,17237853.45,0.782052463,31.36231241
16.07.2014 00:00,22301675.68,17447644.94,0.782346815,30.08517351
17.07.2014 00:00,22114266.47,17493489.22,0.791049943,30.46859259
18.07.2014 00:00,22166179.61,17420167.92,0.785889505,29.8896995
21.07.2014 00:00,22232716.64,17555251.07,0.789613404,31.40705157
22.07.2014 00:00,22429707.8,17590850.09,0.784265682,31.6915643
23.07.2014 00:00,22465287.76,17580145.13,0.782547071,31.63495623
24.07.2014 00:00,22454351.59,17457336.87,0.777458961,30.59931753
25.07.2014 00:00,22332823.09,17440415.84,0.780931984,30.48651444
28.07.2014 00:00,22315910.14,17428949.84,0.781010038,30.33667277
29.07.2014 00:00,22304454.96,17375737.46,0.779025423,29.99622214
30.07.2014 00:00,22251269.64,17147780.02,0.770642768,28.07682378
31.07.2014 00:00,22027967.44,16988162.58,0.771208811,26.80587563
01.08.2014 00:00,21866390.94,17004820.98,0.777669302,26.97583453
04.08.2014 00:00,21880378.59,17007408.33,0.777290405,26.87284414
05.08.2014 00:00,21883109.64,16942423.11,0.774223746,26.44450276
06.08.2014 00:00,21818210.64,16840738.93,0.771866181,25.67213676
07.08.2014 00:00,21724305.12,16839228.65,0.775133131,25.74600012
08.08.2014 00:00,21720274.05,16980477.18,0.781780061,26.84125663
11.08.2014 00:00,22362590.94,16960096.85,0.758413768,26.68292445
12.08.2014 00:00,22342222.46,17032146.17,0.762329987,27.29730204
13.08.2014 00:00,22414227.59,17074766.06,0.761782488,27.68389287
14.08.2014 00:00,22463257.27,17043866.4,0.75874421,27.43864029
15.08.2014 00:00,22434935.25,17214111.34,0.76729044,28.78231191
18.08.2014 00:00,22606587.67,17310887.28,0.765745257,29.59481702
19.08.2014 00:00,22708810.88,17442970.78,0.76811467,29.87656992
20.08.2014 00:00,22735686.37,17506806.65,0.770014433,30.38200825
21.08.2014 00:00,22798688.29,17492755.85,0.767270276,30.20345216
22.08.2014 00:00,22786691.69,17627124.12,0.77357101,31.25049925
25.08.2014 00:00,23055283.31,17673350.03,0.766563993,31.65299254
26.08.2014 00:00,23101512.24,17695415.71,0.765985167,31.82305976
27.08.2014 00:00,23123570.71,17675920.22,0.764411364,31.66959966
28.08.2014 00:00,23108330.46,17709507.95,0.766368993,31.91381926
29.08.2014 00:00,23144944.74,17759781.61,0.767328754,32.3083398
01.09.2014 00:00,23195390.87,17622080.01,0.759723348,32.3381817
02.09.2014 00:00,23208940.13,17655975.44,0.760740273,32.65600573
03.09.2014 00:00,23248581.34,17858811.57,0.7681678,34.2177844
04.09.2014 00:00,23463294.04,17871205.97,0.761666539,34.28255787
05.09.2014 00:00,23474984.43,17793401.76,0.757972888,33.66800901
08.09.2014 00:00,23400334.19,17772315.24,0.759489805,33.41392055
09.09.2014 00:00,23380004.04,17805235.6,0.761558277,33.73731099
10.09.2014 00:00,23411771.26,17794375.7,0.760061061,33.67734016
11.09.2014 00:00,23401671.55,17834601.51,0.762108017,33.29206639
12.09.2014 00:00,22972475.73,17822170.21,0.775805378,33.20753928
15.09.2014 00:00,22854791.8,17854136.95,0.781198844,33.54071616
16.09.2014 00:00,22886925.16,17871937.63,0.780879804,33.67503712
17.09.2014 00:00,22945453.74,18704648.14,0.81517883,34.94355441
18.09.2014 00:00,23107535.37,18800253.86,0.813598403,35.34995523
19.09.2014 00:00,23163535.19,18675634.45,0.806251477,34.38182704
22.09.2014 00:00,23039028.88,20081505.88,0.871629876,32.57041601
23.09.2014 00:00,22788161.21,20273460.74,0.88964882,33.88335969
24.09.2014 00:00,22980254.14,20048454.32,0.872420914,32.38409615
25.09.2014 00:00,22760598.99,20165239.75,0.8859714,33.1372875
26.09.2014 00:00,22879282.55,20123295.19,0.87954223,32.86050467
29.09.2014 00:00,23714409.07,20511974.23,0.864958269,33.23606458
30.09.2014 00:00,23764056.58,20354020.78,0.856504474,31.51071523
01.10.2014 00:00,23496797.4,20676631.56,0.879976586,29.6690856
02.10.2014 00:00,23211768.64,20916247.8,0.901105302,31.20122231
03.10.2014 00:00,23451203.73,20894152.32,0.890962893,30.9599319
06.10.2014 00:00,23328190.69,20566439.66,0.881613149,28.90536759
07.10.2014 00:00,23000462.75,20626357.91,0.896780127,29.31315928
08.10.2014 00:00,23060789.74,20367975.03,0.883229727,27.70710743
09.10.2014 00:00,22808065.81,20123308.06,0.882289109,26.1185307
10.10.2014 00:00,22561301.22,19920101.97,0.882932318,24.86984502
13.10.2014 00:00,22364729.85,20928604.64,0.935786159,25.15429996
14.10.2014 00:00,22337999.3,20518059.34,0.918527173,22.66912557
15.10.2014 00:00,21929932.31,20443906.42,0.932237552,22.33012801
16.10.2014 00:00,21861389.06,20811225.8,0.951962647,24.53517949
17.10.2014 00:00,22228192.79,20883752.35,0.939516431,24.74425951
20.10.2014 00:00,22561881.92,21350115.53,0.946291431,27.54837188
21.10.2014 00:00,23029003.13,21350426.85,0.927110337,27.52393276
22.10.2014 00:00,23027793.83,21517656.25,0.934421092,28.60956448
23.10.2014 00:00,23200906.9,21541466.42,0.928475189,28.68319705
24.10.2014 00:00,23224004.64,20990000.01,0.903806227,27.86701848
27.10.2014 00:00,23249850.09,21230222.13,0.913133721,29.33447015
28.10.2014 00:00,23489985.49,21269490.07,0.905470549,29.53718893
29.10.2014 00:00,23529354.15,21470002.94,0.912477359,30.80770001
30.10.2014 00:00,23736654.41,21888109.78,0.922122781,33.23975129
31.10.2014 00:00,24148412.22,21709540.55,0.899004885,33.09742654
03.11.2014 00:00,24131251.16,21492946.47,0.890668549,31.75588435
04.11.2014 00:00,23914049.35,21786355.66,0.911027461,33.58569599
05.11.2014 00:00,24207733.3,21910648.29,0.905109455,34.43726943
06.11.2014 00:00,24347819.82,21898458.61,0.89940121,34.24448424
07.11.2014 00:00,24322275.68,21943544.41,0.902199477,34.53324089
10.11.2014 00:00,24968489.3,21994223.72,0.880879233,34.87036322
11.11.2014 00:00,25018571.32,21535633.44,0.8607859,34.08011531
12.11.2014 00:00,24898004.71,21517209.01,0.864214191,34.13686332
13.11.2014 00:00,24892886.94,21555419.56,0.865926865,34.30706641
14.11.2014 00:00,24926826.68,21383161.59,0.857837296,34.75367601
17.11.2014 00:00,24759679.25,21666716.24,0.875080651,35.06393301
18.11.2014 00:00,25046436.09,21364050.77,0.852977673,34.96687149
19.11.2014 00:00,25022366.95,21802633.86,0.871325799,35.31207144
20.11.2014 00:00,25077758.36,22188261.35,0.884778497,37.68503914
21.11.2014 00:00,25472413.61,22201661.78,0.871596313,37.76913308
24.11.2014 00:00,25488315.49,22151939.25,0.869101736,37.43035856
25.11.2014 00:00,25438542.95,22133420.79,0.870074235,37.39526205
26.11.2014 00:00,25419728.1,22314205.37,0.877830214,37.70681701
27.11.2014 00:00,25604699.29,22162280.48,0.865555195,37.26140878
28.11.2014 00:00,25408101.34,22055371.43,0.868044847,36.64857167
01.12.2014 00:00,25456326.97,22264944.21,0.874633023,37.98560883
02.12.2014 00:00,25664421.55,22444662.56,0.874543871,39.104206
03.12.2014 00:00,25844458.42,22165278.72,0.857641447,37.37226768
04.12.2014 00:00,25572117.64,22489238.76,0.879443739,39.32249579
05.12.2014 00:00,25897467.93,22274515.08,0.860103974,37.98304993
08.12.2014 00:00,25682989.44,21913639.77,0.853235556,35.71609355
09.12.2014 00:00,25317126.45,21943280.27,0.866736607,34.3762495
10.12.2014 00:00,25103873.84,22121135.34,0.881184134,34.69113454
11.12.2014 00:00,25175888.81,21558247.22,0.856305308,31.32134759
12.12.2014 00:00,24611737.63,21289201.31,0.865001961,29.72238036
15.12.2014 00:00,24342951.31,21827451.21,0.896664128,30.0627604
16.12.2014 00:00,24408923.41,22985395.65,0.941680027,32.41339902
17.12.2014 00:00,24782153.16,23742970.57,0.9580673,36.78511334
18.12.2014 00:00,25540714.42,24723028.12,0.967984987,37.52580792
19.12.2014 00:00,25678212.84,27552703.78,1.072999276,38.15694176
22.12.2014 00:00,30761660.62,27810371.93,0.904059513,39.50035843
23.12.2014 00:00,29520066.81,27758779.34,0.940335925,39.18796736
24.12.2014 00:00,29469567.33,27673340.2,0.939048066,38.74645072
25.12.2014 00:00,29383885.78,27829877.47,0.947113587,39.55839772
26.12.2014 00:00,29541041.84,27829777.19,0.942071622,39.5548646
29.12.2014 00:00,29294663.93,27668435,0.944487196,38.70314558
30.12.2014 00:00,29133103.73,27657911.6,0.949363715,38.6907116
31.12.2014 00:00,29124404.39,27560409.87,0.946299519,38.17442789
01.01.2015 00:00,29025173.25,27660721.7,0.952990753,38.61867584
02.01.2015 00:00,29128774.12,27180740.26,0.933123383,36.15677977
05.01.2015 00:00,28649619.75,26961087.15,0.941062652,35.08528431
06.01.2015 00:00,28430400.57,27332128.17,0.961369788,36.9945696
07.01.2015 00:00,28802162.01,28048777.3,0.973842772,40.58962029
08.01.2015 00:00,29520400.89,27745393.83,0.939871851,38.99202306
09.01.2015 00:00,29217836.64,27697220.73,0.947955903,38.74203379
12.01.2015 00:00,29170112.27,27894281.64,0.956262402,39.78169527
13.01.2015 00:00,29367374.49,27630832.26,0.940868318,38.42351418
14.01.2015 00:00,29106650.45,27767671.15,0.953997479,40.91138109
15.01.2015 00:00,29593636.61,28253263.23,0.954707378,43.33015985
16.01.2015 00:00,30084861.88,28085494.42,0.933542409,42.4810897
19.01.2015 00:00,30306533.6,28295704.47,0.933650309,43.54777004
20.01.2015 00:00,30432740.76,28442411.31,0.934599073,44.28571151
21.01.2015 00:00,30579705.44,29133364.17,0.952702577,47.8673944
22.01.2015 00:00,31266056.68,29516059.27,0.944028842,49.72950609
23.01.2015 00:00,31650342.55,29550960.77,0.93366954,49.87012103
26.01.2015 00:00,31810227.44,28959259.49,0.910375745,46.83027363
27.01.2015 00:00,31217539.94,29472116.94,0.944088387,46.39259003
28.01.2015 00:00,31126805.42,29570257.47,0.949993328,46.89334153
29.01.2015 00:00,31222761.11,29415638.12,0.942121615,45.85945823
30.01.2015 00:00,31042340.03,29636236.47,0.954703687,47.0039062
02.02.2015 00:00,31139443.02,29835061.92,0.958111611,48.00926665
03.02.2015 00:00,31342016.47,29852022.33,0.95246017,48.10385164
04.02.2015 00:00,31358693.2,30094695.43,0.959692269,49.32554194
05.02.2015 00:00,31606515.24,30192004.1,0.955246217,49.80078634
06.02.2015 00:00,31709121.93,30132318.21,0.950272867,49.5013788
09.02.2015 00:00,32724404.5,30360983.14,0.927778018,50.66285449
10.02.2015 00:00,32953117.91,30334212.95,0.920526338,50.53700226
11.02.2015 00:00,32926550.13,30502821.18,0.92638983,51.47924715
12.02.2015 00:00,33113516.05,30655474.25,0.92576923,52.20435085
13.02.2015 00:00,33255849.67,30645268.42,0.921500089,52.11353458
16.02.2015 00:00,33245885.84,30301205.9,0.911427238,52.304148
17.02.2015 00:00,33277636.92,30465443.32,0.91549299,53.13912608
18.02.2015 00:00,33442474.06,30447904.66,0.910456105,53.04496088
19.02.2015 00:00,33426065.12,30635472.88,0.916514486,53.94821096
20.02.2015 00:00,33615909.56,30700526.47,0.913273711,54.2772198
23.02.2015 00:00,34282175.13,30856700.62,0.900080012,55.05599797
24.02.2015 00:00,34437982.15,30811102.73,0.894683742,54.83383112
25.02.2015 00:00,34392690.45,31100561.71,0.904278244,56.3167812
26.02.2015 00:00,34694683.76,31113351.33,0.896775758,56.35130578
27.02.2015 00:00,34707648.51,31219754.27,0.899506466,56.88697124
02.03.2015 00:00,35906234.55,31004309.47,0.863479834,55.81694552
03.03.2015 00:00,35691978.06,31220871.65,0.874730775,56.94209744
04.03.2015 00:00,35909889.63,31403277.69,0.874502206,57.90838314
05.03.2015 00:00,36107882.26,31478797.41,0.871798495,58.20999772
06.03.2015 00:00,36193901.79,31561601.85,0.872014353,58.62264342
09.03.2015 00:00,36352417.51,31334833.37,0.861973853,57.44373046
10.03.2015 00:00,36127417.37,31735708.55,0.87843834,59.53443427
11.03.2015 00:00,36529708.31,31736067.68,0.868774188,59.64846277
12.03.2015 00:00,36568442.87,31823155.9,0.870235465,59.9888275
13.03.2015 00:00,36663836.66,32017525.16,0.873272633,61.49392923
16.03.2015 00:00,36852841.3,31778050.42,0.862295804,60.33465545
17.03.2015 00:00,36623466.34,32006502.25,0.873934268,61.52867179
18.03.2015 00:00,36854433.44,31987531.6,0.867942568,61.41213615
19.03.2015 00:00,36842971.86,31916582.42,0.86628686,61.42416529
20.03.2015 00:00,36412059.34,33182058.59,0.911293104,59.6115841
23.03.2015 00:00,37101282.92,33130919.34,0.892985814,59.36813053
24.03.2015 00:00,37049756.42,32546051.85,0.878441722,56.57060654
25.03.2015 00:00,36464680,32550293.61,0.89265266,56.5948609
26.03.2015 00:00,36469674.7,32668834.29,0.895780798,57.16807345
27.03.2015 00:00,36594153.72,33122153.57,0.905121453,59.32964966
30.03.2015 00:00,37049336.07,33021740,0.891291006,58.86120628
31.03.2015 00:00,36954213.34,32925374.8,0.890977559,58.42087802
01.04.2015 00:00,36857838.65,33461960.97,0.907865523,57.37411674
02.04.2015 00:00,36640438.39,33247718.48,0.907405041,56.3354937
03.04.2015 00:00,36425114.25,33352335.98,0.915641218,56.80665047
06.04.2015 00:00,36530322.09,33934109.55,0.92892993,59.63817899
07.04.2015 00:00,37112124.87,34092693.54,0.918640301,60.36438834
08.04.2015 00:00,37271187.25,34546552.77,0.92689703,62.59227223
09.04.2015 00:00,37729443.31,34925050.93,0.925670984,64.270232
10.04.2015 00:00,38111985.22,34873230.07,0.915020036,64.05845697
13.04.2015 00:00,37942179.81,34693836.55,0.914387015,63.20068495
14.04.2015 00:00,37761534.82,35216165.21,0.932593587,65.69773542
15.04.2015 00:00,38284587.08,34869317.13,0.910792562,64.1169174
16.04.2015 00:00,37945591.7,34249788.98,0.90260258,61.1902059
17.04.2015 00:00,37337144.71,34622946.2,0.927305676,63.05229754
20.04.2015 00:00,37721621.83,34644040.81,0.918413343,63.1737305
21.04.2015 00:00,37742646.51,34714631.54,0.919772055,63.51639645
22.04.2015 00:00,37814838.68,34267402.26,0.906189302,63.28370887
23.04.2015 00:00,37772595.47,34291840.7,0.907849733,63.33739016
24.04.2015 00:00,37796353.21,34361052.87,0.90911027,63.64111552
27.04.2015 00:00,37865489.56,34107478.33,0.900753661,62.31298448
28.04.2015 00:00,37597607.59,33434561.96,0.889273656,59.18134898
29.04.2015 00:00,36930289.74,33174876.95,0.898310768,57.82057815
30.04.2015 00:00,36666942.04,33278386.25,0.907585536,58.26808198
01.05.2015 00:00,36765862.41,33490765.25,0.910920159,59.36990749
04.05.2015 00:00,36979716.82,33073715.06,0.894374482,57.56259692
05.05.2015 00:00,36595519.19,33271498.46,0.909168641,55.20723537
06.05.2015 00:00,36090777.64,32951017.12,0.9130038,55.90559171
07.05.2015 00:00,35790921.41,33757453.69,0.943184818,59.56096556
08.05.2015 00:00,37113176.1,33898828.08,0.913390651,60.23865574
11.05.2015 00:00,37216565.36,33498990.8,0.900109682,58.34779147
12.05.2015 00:00,36816664.73,33320432.23,0.905036686,57.51668519
13.05.2015 00:00,36638450.37,33534646.31,0.915285608,58.65269008
14.05.2015 00:00,36893019.82,33324231.44,0.903266569,57.72669856
15.05.2015 00:00,36686381.18,33537966.67,0.914180292,58.74444011
18.05.2015 00:00,36984836.92,34084869.5,0.921590369,61.70739006
19.05.2015 00:00,37541419.78,34150255.27,0.90966872,62.04324752
20.05.2015 00:00,37613629.25,35527390.86,0.944535041,62.79982931
21.05.2015 00:00,37774893,35623091.58,0.943036201,63.11754943
22.05.2015 00:00,37875977.87,35726574.94,0.943251553,63.634063
25.05.2015 00:00,36936736.33,34773594.66,0.941436578,62.71025499
26.05.2015 00:00,35728124.39,34967912.1,0.978722301,64.41135684
27.05.2015 00:00,37068759.09,35046415.99,0.945443464,63.54057105
28.05.2015 00:00,36851295.11,35513703.18,0.963702987,61.19598394
29.05.2015 00:00,36381653.38,32412542.45,0.890903503,61.68958471
01.06.2015 00:00,34113570.6,31935758.68,0.936159954,59.29451013
02.06.2015 00:00,35565186.2,31739662.59,0.892436283,58.31380469
03.06.2015 00:00,35369084.7,31413891.82,0.888173728,56.65224098
04.06.2015 00:00,35003388.14,31486408.9,0.899524605,56.81612628
05.06.2015 00:00,35124295.7,31054750.33,0.884138734,54.77676113
08.06.2015 00:00,34661680.36,30955871.88,0.8930863,54.27331452
09.06.2015 00:00,34562784.96,31413333.26,0.908877375,56.61588959
10.06.2015 00:00,35020240.94,31630398.2,0.903203329,57.70870642
11.06.2015 00:00,35237300.24,31314099.36,0.888663409,56.0942685
12.06.2015 00:00,34920996.02,31011657.61,0.888051922,54.57255369
15.06.2015 00:00,34644197.61,31187238.07,0.900215338,54.94226087
16.06.2015 00:00,31221672.51,31151010.51,0.997736764,54.98069845
17.06.2015 00:00,34472914.87,31100907.74,0.90218387,54.47532079
18.06.2015 00:00,34380978.74,32659152.53,0.949919221,54.75151079
19.06.2015 00:00,34451059.45,33166512.15,0.962713852,56.28371761
22.06.2015 00:00,34766217.55,33627260.92,0.967239559,58.44811931
23.06.2015 00:00,35254870.73,33440581.91,0.948537925,57.57848893
24.06.2015 00:00,35068188.73,33255861.79,0.948319916,56.70004965
25.06.2015 00:00,34877096.41,33290161.23,0.954499217,56.90814339
26.06.2015 00:00,34922078.76,32644306.84,0.934775592,53.13879317
29.06.2015 00:00,34117333.18,32548690.74,0.954022126,51.74456568
30.06.2015 00:00,33813389.63,32828279.36,0.970866267,53.11910097
01.07.2015 00:00,34232071.86,32813101.57,0.958548513,53.03969573
02.07.2015 00:00,34215508.18,32732764.73,0.956664579,52.66890193
03.07.2015 00:00,34134057.93,32437533.33,0.950298186,51.28806023
06.07.2015 00:00,33836811,32417401.72,0.958051328,51.20011608
07.07.2015 00:00,33831384.44,31914703.55,0.94334607,48.87429376
08.07.2015 00:00,33315022.28,32267111.65,0.968545402,50.52855071
09.07.2015 00:00,33667993.1,32536331.04,0.9663876,51.77999212
10.07.2015 00:00,33920664.67,33252697.41,0.980307955,55.12867032
13.07.2015 00:00,34652148.27,33443404.19,0.965117774,56.02112007
14.07.2015 00:00,34844054.11,33462691.7,0.960355864,56.12011171
15.07.2015 00:00,34868522.82,33913695.53,0.972616354,58.29181344
16.07.2015 00:00,35323678.45,33894509.88,0.959540777,58.19306152
17.07.2015 00:00,35302363.07,33878634.06,0.959670433,58.11524507
20.07.2015 00:00,35281309.24,33613507.44,0.952728461,56.88715419
21.07.2015 00:00,35014180.78,33380971.43,0.953355774,55.79612397
22.07.2015 00:00,34778468.87,31925299.65,0.917961621,54.25711892
23.07.2015 00:00,34396849.02,31457459.92,0.914544815,51.95290973
24.07.2015 00:00,33900361.54,30832725.91,0.909510238,48.95451401
27.07.2015 00:00,33267181.26,31254919.15,0.939512095,51.05041753
28.07.2015 00:00,33700508.81,31584701.94,0.937217361,52.66393757
29.07.2015 00:00,34186574.3,31959869.91,0.934866115,54.49603697
30.07.2015 00:00,34564867.63,31765645.17,0.919015386,53.53267523
31.07.2015 00:00,34361932.94,31827066.55,0.92623039,53.80991916
03.08.2015 00:00,34415567.83,31853181.22,0.925545712,53.91431239
04.08.2015 00:00,34436394.64,32355627.57,0.939576512,56.45366933
05.08.2015 00:00,34957387.08,32079979.12,0.917688128,55.12394943
06.08.2015 00:00,34683119.94,31877576.53,0.919109255,54.18884811
07.08.2015 00:00,34485448.81,32243444.17,0.934986938,56.01901931
10.08.2015 00:00,34725064.76,31534704.73,0.908125152,52.53884236
11.08.2015 00:00,34003186.49,30931585.56,0.909667262,49.64248549
12.08.2015 00:00,33418087.11,31093248.05,0.930431713,50.51356376
13.08.2015 00:00,33600820.07,31161426.81,0.927400782,50.88129679
14.08.2015 00:00,33648826.17,31280122.96,0.929605176,51.49831128
17.08.2015 00:00,33772533.11,31262545.56,0.925679619,51.41413066
18.08.2015 00:00,33577123.26,30691737.46,0.914066915,48.6129024
19.08.2015 00:00,32366567.28,29874902.89,0.923017342,44.56145251
20.08.2015 00:00,31520565.35,28809571.44,0.913992853,39.33018867
21.08.2015 00:00,30433213.03,27249352.5,0.895382044,31.59103111
24.08.2015 00:00,28815925.16,27771227.8,0.963745833,34.1273768
25.08.2015 00:00,29347262.13,27971326.06,0.953115351,35.24841769
26.08.2015 00:00,29595133.69,29122087.8,0.984016092,40.95509755
27.08.2015 00:00,30776310.34,29253655.07,0.950525087,41.60568823
28.08.2015 00:00,30907990.56,29207055.9,0.944967802,41.39780217
31.08.2015 00:00,30852926.46,28319154.19,0.917875788,36.96276517
01.09.2015 00:00,29937005.38,28570430.79,0.95435166,38.26196391
02.09.2015 00:00,30203723.44,29132909.72,0.964546963,40.99769009
03.09.2015 00:00,30773215.97,28447058.12,0.92440966,37.62121532
04.09.2015 00:00,30070833.24,28454537.98,0.9462504,37.68788502
07.09.2015 00:00,30073389.95,28981146.51,0.963680734,40.31382057
08.09.2015 00:00,30621233.25,29020592.34,0.947727745,40.46594278
09.09.2015 00:00,30649791.87,28812851.88,0.940066804,39.6321915
10.09.2015 00:00,30481699.98,28566959.3,0.937183927,38.50944709
11.09.2015 00:00,30239324.56,28429404.72,0.940146817,37.82565925
14.09.2015 00:00,30101258.7,28771694.82,0.95583029,39.53351805
15.09.2015 00:00,30359725.36,29150584.52,0.960172866,41.42507465
16.09.2015 00:00,30732036.5,28928018.51,0.941298456,40.29583007
17.09.2015 00:00,30502005.91,28250490.63,0.926184682,36.99022333
18.09.2015 00:00,29804920.87,28523258.93,0.956998311,38.29050741
21.09.2015 00:00,30084989.78,27862976.85,0.926142141,35.04874874
22.09.2015 00:00,29409568.43,27725077.8,0.942723041,34.36563161
23.09.2015 00:00,29265844.29,27147286.46,0.927609885,31.53608871
24.09.2015 00:00,28676796.72,27587068.2,0.961999643,33.68122623
25.09.2015 00:00,29118459.7,26936613.71,0.925070007,30.44975164
28.09.2015 00:00,28446509.81,26974605.17,0.94825711,30.65634971
29.09.2015 00:00,28469339.7,27766914.97,0.975326975,34.58985441
30.09.2015 00:00,29277799.71,27568305.87,0.94161126,33.64786836
01.10.2015 00:00,29083919.01,27840723.72,0.957254891,35.02586244
02.10.2015 00:00,29364290.19,28704493.54,0.977530646,39.29461405
05.10.2015 00:00,30241405.9,28864235.47,0.954460767,40.06006668
06.10.2015 00:00,30248661.88,29206594.42,0.965549965,41.76519952
07.10.2015 00:00,30662275.22,29414050.3,0.959291184,42.84886228
08.10.2015 00:00,30879925.3,28654683.03,0.927938871,42.55827899
09.10.2015 00:00,30810052.97,28742733.5,0.932901139,41.99173009
12.10.2015 00:00,30692395.77,28195311.94,0.918641612,40.22227047
13.10.2015 00:00,29975313.98,28032748.94,0.935194506,39.38370233
14.10.2015 00:00,29812048.71,28257096.47,0.947841483,40.64178503
15.10.2015 00:00,30065881.31,28280096.65,0.94060428,40.76486994
16.10.2015 00:00,30590219.92,28329083.06,0.926083014,41.00156689
19.10.2015 00:00,29959628.13,28262483.93,0.943352294,40.65776108
20.10.2015 00:00,29874981.77,28301591.64,0.94733419,40.8211415
21.10.2015 00:00,29907188.5,29186484.85,0.975901992,45.42450668
22.10.2015 00:00,30840008.76,29962533.68,0.971547509,49.02108845
23.10.2015 00:00,31575568.3,29747584.73,0.942107659,47.96018708
26.10.2015 00:00,31355066.27,29577506.97,0.943308705,47.0999144
27.10.2015 00:00,31178805.69,29952452.24,0.960667081,49.0446943
28.10.2015 00:00,31562651.08,30061936.77,0.952452844,49.59920382
29.10.2015 00:00,31683917.57,30015610.67,0.947345309,49.35407777
30.10.2015 00:00,31631861.1,30323980.26,0.958653054,50.93948036
02.11.2015 00:00,31945182.61,30654560.48,0.959598849,52.60032121
03.11.2015 00:00,32230696.19,30770664.87,0.954700596,53.29739372
04.11.2015 00:00,32370425.44,30541894.69,0.943512304,52.17370909
05.11.2015 00:00,32137523.79,30803859.41,0.958501334,53.48159468
06.11.2015 00:00,32400682.86,30444186.28,0.939615576,51.64597166
09.11.2015 00:00,31855251.67,30474494.31,0.956655268,51.83850078
10.11.2015 00:00,32771244.18,30358818.71,0.926385905,51.22043212
11.11.2015 00:00,32656816.22,29807647.25,0.912754233,48.45919437
12.11.2015 00:00,32092994.49,29697265.83,0.925350417,47.87864434
13.11.2015 00:00,31878799.64,30325012.84,0.951259557,49.50881921
16.11.2015 00:00,32196412.88,30797349.33,0.95654598,51.90173901
17.11.2015 00:00,32687546.19,30979408.64,0.947743476,52.79837388
18.11.2015 00:00,32869181.59,30924224.9,0.940827347,52.59590425
19.11.2015 00:00,32822673.6,31131569.53,0.948477565,53.63627978
20.11.2015 00:00,33032868.28,31102152.3,0.94155167,53.49067719
23.11.2015 00:00,32999745.6,31011692.91,0.939755515,53.05620064
24.11.2015 00:00,32901549.7,31287049.08,0.950929344,54.39931785
25.11.2015 00:00,33180907.66,31386789.4,0.945929199,54.91638493
26.11.2015 00:00,33283179.56,31317483.75,0.940940264,54.60749992
27.11.2015 00:00,33217854.86,31460199.24,0.947087022,55.30132728
30.11.2015 00:00,33356342.27,31436440.86,0.942442688,55.24055886
01.12.2015 00:00,33332256.53,31292196.72,0.938796228,54.55475131
02.12.2015 00:00,33190017.59,30125632.83,0.907671493,48.81165298
03.12.2015 00:00,32000895.96,30281578.31,0.946272828,49.57962925
04.12.2015 00:00,32154799.83,30261908.51,0.94113192,49.47862097
07.12.2015 00:00,32131871.17,29800428.15,0.927441417,47.2085293
08.12.2015 00:00,31650215.54,29581284.55,0.934631378,46.13058988
09.12.2015 00:00,31431630.19,29652595.19,0.943399849,46.47074208
10.12.2015 00:00,31500997.35,29013167.12,0.921023763,43.34805628
11.12.2015 00:00,30861474.85,28705490.62,0.930139948,41.82898129
14.12.2015 00:00,30541259.19,26634238.32,0.872074008,45.34324584
15.12.2015 00:00,30940605.26,27019851.68,0.87328129,46.7226241
16.12.2015 00:00,30669486.19,27041400.55,0.881703736,46.69819229
17.12.2015 00:00,30685613.86,26721620.42,0.870819158,44.84620524
18.12.2015 00:00,30342193.5,26633420.76,0.87776847,44.42080342
21.12.2015 00:00,30241988.76,26797171.93,0.886091591,45.39474674
22.12.2015 00:00,30401017.9,27481039.83,0.903951306,49.18390886
23.12.2015 00:00,31119409.94,27324794.28,0.878062737,48.35412966
24.12.2015 00:00,30947276.63,27314643.54,0.882618651,48.29483059
25.12.2015 00:00,30935324.95,27168652.83,0.878240422,47.50208757
28.12.2015 00:00,30779457.73,27598894.86,0.896666053,49.96465586
29.12.2015 00:00,31239288.64,27425888.79,0.877929363,48.90756298
30.12.2015 00:00,31053554.42,27269556.84,0.878146072,47.95450202
31.12.2015 00:00,30890933.7,27210781.99,0.880866284,47.64218441
01.01.2016 00:00,30819096.48,26837508.01,0.870807748,45.62919894
04.01.2016 00:00,30451368.01,26962570.77,0.885430525,46.29137753
05.01.2016 00:00,30597701.25,26459646.18,0.864759282,43.49297202
06.01.2016 00:00,30064953.14,25766101.52,0.857014525,39.53165097
07.01.2016 00:00,29335171.48,25313710.57,0.862913332,37.00512536
08.01.2016 00:00,28750760.34,25257929.57,0.878513447,36.7295749
11.01.2016 00:00,28706129.27,25540447.6,0.889721054,38.32549357
12.01.2016 00:00,28994147.83,25706673.27,0.886615928,36.72115601
13.01.2016 00:00,28691868.73,25865382.29,0.901488242,37.68435701
14.01.2016 00:00,28866287.29,25091102.98,0.869218224,33.45265873
15.01.2016 00:00,28022508.3,25133418.53,0.8969011,33.66477411
18.01.2016 00:00,28077213.08,25202497.02,0.89761391,33.75263765
19.01.2016 00:00,28079604.81,24670119.65,0.878577879,31.14085521
20.01.2016 00:00,27589089.77,25116408.06,0.910374654,33.53248597
21.01.2016 00:00,28056282.97,25658916.15,0.914551517,36.54608169
22.01.2016 00:00,28627504.89,25273190.77,0.882828974,34.40800485
25.01.2016 00:00,28215383.2,25700594.83,0.910871727,36.77325255
26.01.2016 00:00,28655419.24,25598351.45,0.893316243,36.23465134
27.01.2016 00:00,28540355.3,25327602.67,0.887431232,34.89110796
28.01.2016 00:00,28277326.52,26060805.93,0.921614917,38.94041305
29.01.2016 00:00,29051756.34,25990305.41,0.894620797,38.51186433
01.02.2016 00:00,28962242.26,25471577.73,0.879475335,35.631026
02.02.2016 00:00,27854354.66,25387638.92,0.911442366,35.26967951
03.02.2016 00:00,27756447.83,25424325.44,0.915979076,35.46794335
04.02.2016 00:00,26937593.61,25193925.67,0.935270093,34.16562097
05.02.2016 00:00,26697312.7,24627551.27,0.922473042,31.10413389
08.02.2016 00:00,26107605.79,24258305.23,0.929166214,29.15422873
09.02.2016 00:00,25706962.05,24498727.15,0.952999701,30.45627915
10.02.2016 00:00,25973388.04,23759506.2,0.914763456,26.43556116
11.02.2016 00:00,25186721.42,24431395.35,0.970010941,30.13385385
12.02.2016 00:00,25898101.96,24340901.95,0.939872041,32.64881143
15.02.2016 00:00,26225882.14,24561032.29,0.936518824,34.03823565
16.02.2016 00:00,26471180.58,25139868.65,0.949707119,37.32227259
17.02.2016 00:00,27472384.49,25232412.86,0.918464608,37.78935112
18.02.2016 00:00,27570135.93,25020225.95,0.907511882,36.67741771
19.02.2016 00:00,27356359.2,25457461.59,0.930586611,39.12857562
22.02.2016 00:00,27819313.81,25078053.56,0.901461975,36.98544829
23.02.2016 00:00,29750951.06,26005745.58,0.874114765,35.99391874
24.02.2016 00:00,29429702.83,26324964.75,0.894503247,37.92412546
25.02.2016 00:00,30385463.62,26689551.32,0.878365776,39.74154839
26.02.2016 00:00,30758602.64,26787708.92,0.870901361,40.23558634
29.02.2016 00:00,31605910.61,29063075.47,0.919545582,43.30348605
01.03.2016 00:00,32205571.93,29285163.5,0.909319778,44.49100201
02.03.2016 00:00,32441908.13,29191379.68,0.899804647,44.13993014
03.03.2016 00:00,33453828.78,29233740.82,0.873853364,44.32935182
04.03.2016 00:00,35484043.55,29420082.22,0.829107376,45.27846953
07.03.2016 00:00,35670248.45,28902204.92,0.810260824,42.61812673
08.03.2016 00:00,35126005.26,29140433.66,0.829597144,43.83565904
09.03.2016 00:00,35170356.45,28674878.6,0.815313847,41.58549954
10.03.2016 00:00,34699841.74,29233815.8,0.84247692,44.52139822
11.03.2016 00:00,35288471.66,29336250.73,0.831326758,45.04947871
14.03.2016 00:00,35404811.6,30090408.64,0.849896025,43.76738015
15.03.2016 00:00,35262570.56,30282898.85,0.858783077,44.7176684
16.03.2016 00:00,35262766.98,30093024.74,0.853393744,43.82256774
17.03.2016 00:00,35167874.62,28618236.01,0.81376075,44.56684459
18.03.2016 00:00,35578097.12,28688105.78,0.806341769,44.97150307
21.03.2016 00:00,35780327.75,29197418.22,0.816018747,45.09251581
22.03.2016 00:00,36297209.5,29089233.27,0.801417896,44.43070108
23.03.2016 00:00,36254477.42,28729526.8,0.792440792,42.68438443
24.03.2016 00:00,35903000.27,28718194.9,0.79988287,42.62226956
25.03.2016 00:00,35891366.8,28680291.44,0.799086075,42.41066788
28.03.2016 00:00,35833157.69,28920766.58,0.807095117,43.82968354
29.03.2016 00:00,36113550.71,29011622.51,0.803344505,44.33434116
30.03.2016 00:00,36171544.27,28742435.23,0.794614546,42.92788794
31.03.2016 00:00,35880278.53,31049569.94,0.865365911,42.35526282
01.04.2016 00:00,35785104.21,31051561.51,0.867723099,42.33770729
04.04.2016 00:00,35761723.88,30575194.34,0.854969812,40.00982853
05.04.2016 00:00,35251662.63,30889483.44,0.876256072,41.65385151
06.04.2016 00:00,35608151.43,30663852.2,0.861146984,40.40745375
07.04.2016 00:00,35337639.97,31522961,0.892050545,41.18574813
08.04.2016 00:00,35539686.97,32269253.9,0.907978,41.42785475
11.04.2016 00:00,35580009.49,32633406.8,0.917183758,43.13739689
12.04.2016 00:00,35961587.8,33386630.2,0.928396999,46.53328952
13.04.2016 00:00,36766328.13,33331386.64,0.906573714,46.31780681
14.04.2016 00:00,36707151.23,33113386.61,0.902096335,45.48697907
15.04.2016 00:00,36483581.64,33293251.08,0.912554349,46.35663683
18.04.2016 00:00,36669022.51,33617035.23,0.916769331,47.85033247
19.04.2016 00:00,37002141.8,33815686.88,0.913884582,48.64604216
20.04.2016 00:00,37210496.94,33813641.6,0.908712444,48.57736872
21.04.2016 00:00,37207195.96,33834734.95,0.909359979,48.73501046
22.04.2016 00:00,37233539.72,33639560.73,0.903474689,47.86193152
25.04.2016 00:00,37026088.39,33653736.65,0.908919578,47.94394811
26.04.2016 00:00,37038255.14,33723993.07,0.910517867,48.3127148
27.04.2016 00:00,37114689.17,33508871.95,0.902846627,47.33519262
28.04.2016 00:00,36910651.06,32654328.77,0.884685798,43.73800727
29.04.2016 00:00,36020478,32609640.46,0.905308376,43.8635768
02.05.2016 00:00,36016026.53,32210365.94,0.894334246,41.96155449
03.05.2016 00:00,35593939.46,31883765.81,0.895763894,40.49887543
04.05.2016 00:00,35275171.48,32056229.56,0.90874766,41.2807249
05.05.2016 00:00,35470614.68,31939829.18,0.900458858,41.06907511
06.05.2016 00:00,35406492.99,32091099.73,0.906361998,41.69775127
09.05.2016 00:00,35560372.06,32457236.76,0.912736141,43.46290199
10.05.2016 00:00,35952521.28,32250519.46,0.897030815,42.38684667
11.05.2016 00:00,35716620.19,32119736.49,0.899293839,42.00994251
12.05.2016 00:00,35629443.51,32257736.64,0.9053674,42.5817528
13.05.2016 00:00,35924401.96,32358770.54,0.900746255,43.33478019
16.05.2016 00:00,36018527.36,31811289.8,0.883192405,42.66360054
17.05.2016 00:00,35925035.23,31960336.1,0.889639659,43.36575791
18.05.2016 00:00,36086201.07,33156490.67,0.918813554,42.53244042
19.05.2016 00:00,35838089.08,33571346.88,0.936750473,44.29968788
20.05.2016 00:00,36263204.81,33496395.67,0.923702024,43.98639014
23.05.2016 00:00,36146476.11,34187416.31,0.945802191,47.13837128
24.05.2016 00:00,36883295.54,34564994.32,0.937144955,48.82061425
25.05.2016 00:00,37277431.26,34539280.84,0.926546698,48.74362014
26.05.2016 00:00,37247811.56,34777286.31,0.933673278,49.84117543
27.05.2016 00:00,37509376.92,34790932.44,0.92752627,49.91415148
30.05.2016 00:00,37516533.05,34653934.74,0.923697685,49.30656605
31.05.2016 00:00,37621036.79,34485173.31,0.916646011,48.65542877
01.06.2016 00:00,37577556.88,34672722.6,0.922697628,49.51021862
02.06.2016 00:00,38957250.08,34154581.4,0.876719515,47.24917308
03.06.2016 00:00,38401873.07,35479861.8,0.923909668,47.97639023
06.06.2016 00:00,38573382.36,35808458.87,0.928320429,49.33282034
07.06.2016 00:00,38786058.46,34366614.23,0.886055856,48.86864133
08.06.2016 00:00,38653621.01,34255853.36,0.886226244,48.41193011
09.06.2016 00:00,36783891.69,33764958.2,0.917927839,46.14563956
10.06.2016 00:00,36278488.23,33303203.22,0.917987624,44.04090812
13.06.2016 00:00,35790104.79,33128609.54,0.925636003,43.32094633
14.06.2016 00:00,35636619.72,33208455.85,0.931863238,43.60563109
15.06.2016 00:00,35699076.27,33257843.45,0.931616359,44.00910088
16.06.2016 00:00,35785385.99,33289041.23,0.930241223,44.02424888
17.06.2016 00:00,35772382.44,33868224.05,0.946770155,46.54872896
20.06.2016 00:00,36347116.09,34128210.19,0.938952353,47.77167803
21.06.2016 00:00,36626665.65,34464755.57,0.940974423,47.90130146
22.06.2016 00:00,36957515.38,34829431.28,0.942418096,49.67495147
23.06.2016 00:00,37317804.82,33697256.34,0.902980669,41.94047822
24.06.2016 00:00,35775702.61,32719096.99,0.914561968,37.90004883
27.06.2016 00:00,34799367.4,31455862.47,0.903920525,40.33251884
28.06.2016 00:00,35350050.33,32109429.16,0.908327679,43.21215967
29.06.2016 00:00,35991483.65,32460154.71,0.901884318,44.78200496
30.06.2016 00:00,36422572.46,32586353.35,0.89467468,45.30221039
01.07.2016 00:00,36548181.64,32464870.71,0.888275948,44.75447531
04.07.2016 00:00,36421062.04,31932283.59,0.876753225,42.40602828
05.07.2016 00:00,35865756.58,31856343.42,0.888210551,42.12025403
06.07.2016 00:00,35789961.44,32029016.57,0.894916208,42.89288059
07.07.2016 00:00,35977337.07,32586415.96,0.905748413,45.75797735
08.07.2016 00:00,36826436.31,32898121.25,0.893328938,47.13689052
11.07.2016 00:00,37139360.12,33523394.4,0.90263791,49.62868436
12.07.2016 00:00,37692938.36,33478901.25,0.888200886,49.42768848
13.07.2016 00:00,37641238.21,33703346.85,0.895383586,50.41021957
14.07.2016 00:00,37867280.58,34290250.6,0.905537712,50.41359934
15.07.2016 00:00,37864882.24,34375445.86,0.907845049,50.81847255
18.07.2016 00:00,37950437.64,34299521.72,0.903797791,50.47830736
19.07.2016 00:00,37879796.97,34620050.78,0.913944993,51.91906624
20.07.2016 00:00,38207199.55,34536614.48,0.903929492,51.52234921
21.07.2016 00:00,38122190.56,34736471.65,0.911187713,51.63633081
22.07.2016 00:00,37993285.37,34808236.16,0.916168102,51.95370263
25.07.2016 00:00,38060997.29,35015662.03,0.919988033,52.85875827
26.07.2016 00:00,38263671.12,35175327.28,0.919287832,53.70911081
27.07.2016 00:00,38463559.77,34856264.51,0.906215252,52.15326226
28.07.2016 00:00,38095918.38,34823778.61,0.914107865,52.03505803
29.07.2016 00:00,38066144.66,34790201.27,0.913940762,51.88245413
01.08.2016 00:00,38027155.5,34214395.4,0.899735858,49.35524621
02.08.2016 00:00,37439594.84,34320142.27,0.916680386,49.90665879
03.08.2016 00:00,37556681.72,34506915.56,0.918795644,50.72700843
04.08.2016 00:00,37746615.52,35092481.27,0.929685504,53.28499964
05.08.2016 00:00,38332758.55,35131879.59,0.916497558,53.4394508
08.08.2016 00:00,38364956.7,35253574.27,0.918900406,53.97155283
09.08.2016 00:00,38482839.65,35018084.42,0.909966228,53.02088322
10.08.2016 00:00,38254443.66,35239255.74,0.921180714,54.09986012
11.08.2016 00:00,38499592.81,35153176.46,0.913079176,53.72503226
12.08.2016 00:00,38411423.84,35287990.54,0.918684782,54.31311926
15.08.2016 00:00,38543985.94,34975146.78,0.907408664,52.9452445
16.08.2016 00:00,38224136.06,34798181.46,0.910371955,52.25530584
17.08.2016 00:00,38484192.62,34916108.93,0.907284434,52.75094563
18.08.2016 00:00,38598179.93,34922282.11,0.904764996,52.80566634
19.08.2016 00:00,38604409.6,34382279.58,0.890630887,52.83287617
22.08.2016 00:00,38816539.31,33973914.78,0.875243269,54.10454732
23.08.2016 00:00,38927906.47,34871641.17,0.895800579,54.12497204
24.08.2016 00:00,38937708.92,34646788.63,0.889800391,53.19851771
25.08.2016 00:00,38716797.26,34740639.7,0.897301486,53.5709554
26.08.2016 00:00,38808090.09,34980207.26,0.901363792,54.66136628
29.08.2016 00:00,39040089.39,35012489.24,0.896834249,54.82671923
30.08.2016 00:00,39069239.77,34923811.9,0.893895354,54.45018377
31.08.2016 00:00,38978552.79,34824011.82,0.893414694,54.04365118
01.09.2016 00:00,38879286.48,35217715.16,0.905822055,55.81931265
02.09.2016 00:00,39284640.54,35262223.04,0.897608392,55.99725874
05.09.2016 00:00,39325522.72,35147938.52,0.893769137,55.47522251
06.09.2016 00:00,39199985.51,35273018.67,0.899822237,56.07184302
07.09.2016 00:00,39335864.47,35136929.83,0.893254294,55.53866764
08.09.2016 00:00,39197968.93,34678976.72,0.884713613,53.40172597
09.09.2016 00:00,38737707.73,34681584.26,0.895292631,53.59760452
12.09.2016 00:00,38736798.48,34200096.27,0.882883914,51.39442205
13.09.2016 00:00,38253768.91,34146862.79,0.892640484,51.03915394
14.09.2016 00:00,38172293.19,33967435.77,0.889845302,52.35759855
15.09.2016 00:00,37922469.42,33894435.32,0.893782389,51.99503422
16.09.2016 00:00,37839197.97,34028650.39,0.899296291,52.65258598
19.09.2016 00:00,37877764.87,34045386.12,0.898822469,52.74009739
20.09.2016 00:00,37888899.96,34394632.3,0.907775954,54.41469476
21.09.2016 00:00,38049064.01,34586987.43,0.909010204,55.23888647
22.09.2016 00:00,38236853.6,34406945.87,0.899837268,54.43549457
23.09.2016 00:00,38055256.65,33876794.06,0.890200121,52.04853656
26.09.2016 00:00,37513619.29,34122073.38,0.90959161,53.17215379
27.09.2016 00:00,37757796.03,34387724.36,0.910745011,54.39546509
28.09.2016 00:00,38020958.15,34220038.51,0.900030935,53.53439361
29.09.2016 00:00,37849225.64,34438126.71,0.909876652,54.55834291
30.09.2016 00:00,38062043.63,34423631.78,0.904408395,54.5465335
03.10.2016 00:00,38014055.18,34681292.33,0.912328142,55.6865437
04.10.2016 00:00,38270543.01,34771295.34,0.908565508,56.09185129
05.10.2016 00:00,38067176.97,34287358.13,0.900706615,56.24333384
06.10.2016 00:00,38084330.14,34067243.35,0.89452127,55.23493317
07.10.2016 00:00,37852200.27,34284921.17,0.905757682,56.22836852
10.10.2016 00:00,38060676.4,34102394.1,0.896000737,55.37488796
11.10.2016 00:00,37864513.52,34089455.11,0.900300887,55.36114946
12.10.2016 00:00,37860470.14,33778440.92,0.892182289,54.01124874
13.10.2016 00:00,37554333.26,34049000.19,0.906659691,55.18311161
14.10.2016 00:00,37827187.58,33868620.24,0.895351265,54.38562675
17.10.2016 00:00,37642221.43,34248927.48,0.909854046,56.13551861
18.10.2016 00:00,38030678.23,34360423.87,0.903492272,56.64661985
19.10.2016 00:00,38049945.58,34449761.41,0.905382672,57.1027887
20.10.2016 00:00,38146935.3,34539756.33,0.905439875,57.53760148
21.10.2016 00:00,38243444.06,34698206.08,0.907298151,58.24021985
24.10.2016 00:00,38398914.61,34583314.96,0.900632617,57.70534502
25.10.2016 00:00,38275812.8,34489793.35,0.901085851,57.27036405
26.10.2016 00:00,38378397.42,34374095.04,0.895662595,56.74846172
27.10.2016 00:00,38253507.92,34283162.19,0.89620963,56.32233746
28.10.2016 00:00,38160540.33,34150450.01,0.894915264,55.72830288
31.10.2016 00:00,38568081.16,33792758.28,0.876184587,54.12683043
01.11.2016 00:00,38204940.43,34590232.69,0.905386379,52.07912595
02.11.2016 00:00,37872210.63,34518000.8,0.911433482,51.81914882
03.11.2016 00:00,37823790.49,34323937.57,0.907469535,50.9492782
04.11.2016 00:00,37642358.09,35198236.96,0.935069925,54.85908814
07.11.2016 00:00,38498449.18,34795443.4,0.903814157,55.24234716
08.11.2016 00:00,38557971.21,35623544.45,0.923895717,58.97206301
09.11.2016 00:00,39400798.67,36002520.66,0.913751037,60.80829536
10.11.2016 00:00,39825668.13,36041045.52,0.904970267,60.98283447
11.11.2016 00:00,39880902.82,36319531.15,0.910699823,62.21796658
14.11.2016 00:00,40036683.38,36536592.49,0.912577901,63.17735571
15.11.2016 00:00,40229560.74,36493507.78,0.907131649,62.98187684
16.11.2016 00:00,40205254.12,36638232.43,0.911279713,63.65293231
17.11.2016 00:00,40350750.91,36701584.8,0.909563861,63.9462747
18.11.2016 00:00,40415548.93,36840311.27,0.911538065,64.58300388
21.11.2016 00:00,40559989.7,36985337.4,0.911867524,65.24206976
22.11.2016 00:00,40701487.91,37101958.65,0.911562711,65.78349324
23.11.2016 00:00,40821555.89,37098501.44,0.908796851,65.7225911
24.11.2016 00:00,40819122.59,37131446.93,0.909658135,65.89977673
25.11.2016 00:00,40844916.93,36891433.87,0.903207465,64.86630415
28.11.2016 00:00,40606409.55,36826366.41,0.906910185,64.60927013
29.11.2016 00:00,40545361.46,36917886.61,0.910532926,64.99008375
30.11.2016 00:00,40629232.44,36626341.85,0.901477573,63.67000371
01.12.2016 00:00,40352171.19,36510220.41,0.904789491,63.14464644
02.12.2016 00:00,40229047.84,36646608.45,0.910948939,63.9180177
05.12.2016 00:00,40382643.61,36821824.18,0.911823023,64.63391343
06.12.2016 00:00,40739864.94,37257134.07,0.91451295,66.65726794
07.12.2016 00:00,41160282.03,37812406.57,0.918662475,69.08660865
08.12.2016 00:00,41753149.27,38125717.02,0.913121949,70.4904866
09.12.2016 00:00,42081296.85,37772452.75,0.89760667,69.63699409
12.12.2016 00:00,41883722.5,38104000.96,0.909756791,71.22038239
13.12.2016 00:00,42232484.48,37786963.68,0.894736934,69.90958877
14.12.2016 00:00,41944757.04,38526812.23,0.918513181,73.37448471
15.12.2016 00:00,42714455.1,38474620.4,0.90074005,72.99406523
16.12.2016 00:00,42626265.84,38480146.45,0.902733225,73.04684524
19.12.2016 00:00,42632055.6,38716274.48,0.908149371,74.17272536
20.12.2016 00:00,42883149.48,38505176.73,0.897909253,73.22626512
21.12.2016 00:00,42665073.95,38350632.5,0.898876504,72.51159583
22.12.2016 00:00,42497184.22,38373252.91,0.902959893,72.62682808
23.12.2016 00:00,42521820.6,38399407.66,0.903051824,72.74900994
26.12.2016 00:00,42547098.47,38470266.27,0.904180723,73.06696171
27.12.2016 00:00,42607376.59,38466978.57,0.902824385,72.97288974
28.12.2016 00:00,42597232.03,38165244.05,0.895955963,71.67710534
29.12.2016 00:00,42296426.66,37950366.63,0.897247584,70.66888684
30.12.2016 00:00,42075748.59,38216441.11,0.908277152,71.87897067
02.01.2017 00:00,42341849.77,38737974.9,0.91488622,74.30354952
03.01.2017 00:00,42874214.44,38649899.42,0.901471897,73.98345868
04.01.2017 00:00,42792573.98,38327263.57,0.895652213,72.59976684
05.01.2017 00:00,42418530.33,38460687.08,0.906695418,73.15708422
06.01.2017 00:00,42540961.54,38451395.81,0.903867577,73.07966711
09.01.2017 00:00,42519587.01,38426808.21,0.903743684,72.97143312
10.01.2017 00:00,42488957.7,38743605.4,0.911851161,74.44786357
11.01.2017 00:00,42813724.17,38149789.34,0.891064491,71.7731157
12.01.2017 00:00,42206028.95,38442225.5,0.910823085,73.07707226
13.01.2017 00:00,43001798.35,38557876.13,0.896657294,72.46840635
16.01.2017 00:00,42517619.64,38905512.68,0.915044469,71.0277949
17.01.2017 00:00,42857959.54,38932745.35,0.908413414,71.25586598
18.01.2017 00:00,42905069.23,39001711.33,0.909023386,71.58046707
19.01.2017 00:00,42979597.29,38960052.38,0.906477837,71.34420439
20.01.2017 00:00,42920391.53,38537294.46,0.897878446,69.54817165
23.01.2017 00:00,42502437.95,38673155.38,0.909904402,70.19427628
24.01.2017 00:00,42802801.53,39274321.13,0.917564265,72.83188871
25.01.2017 00:00,43403868.76,39339940.14,0.906369438,73.09469694
26.01.2017 00:00,43476525.78,39270376.65,0.903254709,72.78547223
27.01.2017 00:00,43397187.74,38945477.27,0.897419379,71.31266533
30.01.2017 00:00,43056932.27,38575886.09,0.895927416,69.67750911
31.01.2017 00:00,42680073.41,38888841.87,0.911170923,71.08974771
01.02.2017 00:00,42998161.86,38753537.84,0.901283594,70.49370889
02.02.2017 00:00,42859167.57,39040527.09,0.910902598,71.85548476
03.02.2017 00:00,43162600.83,38998985.58,0.903536507,71.63207057
06.02.2017 00:00,43109674.15,39025983.12,0.905272051,71.75560332
07.02.2017 00:00,43140363.94,38961766.65,0.903139498,71.56546356
08.02.2017 00:00,43087277.21,39291318.86,0.911900714,73.10550149
09.02.2017 00:00,43433221.53,39535445.11,0.910258178,74.21654343
10.02.2017 00:00,43681587.47,39916144.5,0.913797937,75.99385145
13.02.2017 00:00,44083734.9,40120381.59,0.910094884,77.00850894
14.02.2017 00:00,44293812.07,40254845.45,0.908814202,77.66328483
15.02.2017 00:00,44439384.31,39963862.34,0.899289289,76.40255898
16.02.2017 00:00,44150886.16,39987398.42,0.90569866,76.61866036
17.02.2017 00:00,44194122.99,40095972.18,0.907269326,77.07710789
20.02.2017 00:00,44301895.88,40598055.44,0.916395442,79.29087736
21.02.2017 00:00,44799298.86,40572742.35,0.905655744,79.17703292
22.02.2017 00:00,44769373.03,40441947.67,0.903339603,78.61676678
23.02.2017 00:00,44637106.3,40431852.41,0.905790177,78.59170187
24.02.2017 00:00,44626945.14,41362159.15,0.926842718,78.15332327
27.02.2017 00:00,44253020.27,39806747.98,0.899526128,77.88948573
28.02.2017 00:00,44176962.34,40122081.12,0.908212765,81.65160306
01.03.2017 00:00,45018227.93,39176685.57,0.870240509,81.5098794
02.03.2017 00:00,44986735.55,39106338.61,0.869285982,81.23258304
03.03.2017 00:00,44903244.59,38938244.56,0.867158819,80.3947073
06.03.2017 00:00,44702915.77,38860064.78,0.869295976,79.90021553
07.03.2017 00:00,44602102.01,37157998.28,0.833099711,79.9593251
08.03.2017 00:00,44622072.58,37021556.84,0.829669146,79.35549743
09.03.2017 00:00,44476053.57,36995837.91,0.831814762,79.27201256
10.03.2017 00:00,44414300.28,37023877.05,0.833602619,79.48422969
13.03.2017 00:00,44454334.92,36885484.01,0.829738744,78.74291199
14.03.2017 00:00,44307215.48,37174784.11,0.839023254,80.31484785
15.03.2017 00:00,44631276.33,37009433.27,0.829226415,79.74483134
16.03.2017 00:00,44463935.67,37043891.3,0.833122186,79.8737327
17.03.2017 00:00,44482787.41,36977582.72,0.831278453,79.52843937
20.03.2017 00:00,44400956.24,36518450.27,0.822469905,77.05049163
21.03.2017 00:00,43867672.3,36483754.88,0.831677474,76.8727022
22.03.2017 00:00,43827140.38,36682598.76,0.836983623,77.88770488
23.03.2017 00:00,44050615.84,36626934.44,0.831473834,77.63585532
24.03.2017 00:00,43985295.01,36388402,0.827285619,76.58665404
27.03.2017 00:00,43717960.85,36707022.76,0.839632546,78.34190641
28.03.2017 00:00,44085691.77,37020704.32,0.839744208,79.8642977
29.03.2017 00:00,44444579.71,37203868.94,0.837084503,80.77384833
30.03.2017 00:00,44643953.64,37272716.27,0.834888338,81.12684074
31.03.2017 00:00,44731537.23,37159366.24,0.830719634,80.50664495
03.04.2017 00:00,44607776.93,37161711.65,0.83307697,80.56028636
04.04.2017 00:00,44613882.57,37081111.39,0.831156341,80.04584551
05.04.2017 00:00,44517655.5,37180883.02,0.835194096,80.74604884
06.04.2017 00:00,44649228.1,37269648.12,0.834720995,81.21376925
07.04.2017 00:00,44745166.57,37272265.3,0.832989754,81.34483349
10.04.2017 00:00,44764176.32,37186519.46,0.830720512,80.95860292
11.04.2017 00:00,44667936.68,37133437.97,0.831321989,80.62350506
12.04.2017 00:00,44608479.48,36884749.31,0.826855112,79.32703954
13.04.2017 00:00,44323947.8,36909675.28,0.832725357,79.44809542
14.04.2017 00:00,44351507.65,36925822.44,0.832571978,79.68852575
17.04.2017 00:00,44358361.75,36551821.94,0.82401199,77.8436189
18.04.2017 00:00,43982327.07,36644352.62,0.833160841,78.31426811
19.04.2017 00:00,44074879.04,36756604.86,0.833958156,79.11174491
20.04.2017 00:00,44215188.92,36844619.14,0.833302312,79.48182679
21.04.2017 00:00,44311646.21,37183130.63,0.83912772,81.57286488
24.04.2017 00:00,44685796.35,38367714.37,0.858610957,82.38899577
25.04.2017 00:00,44840807.01,38508109.31,0.858773779,83.07243563
26.04.2017 00:00,44992322.95,38533615.2,0.856448671,83.26697631
27.04.2017 00:00,45027517.98,38325511.1,0.851157532,82.33313644
28.04.2017 00:00,44819395.76,38218396.44,0.852720029,81.96432749
01.05.2017 00:00,44709356.21,38503007.27,0.86118456,83.42624467
02.05.2017 00:00,45031804.39,38488373.28,0.854693117,83.34036806
03.05.2017 00:00,45012825.95,38515034.5,0.855645778,83.60721393
04.05.2017 00:00,45060451.05,38724829.46,0.859397289,84.88792516
05.05.2017 00:00,45319903.43,38784443.71,0.855792726,85.14858815
08.05.2017 00:00,45381951.68,38949241.85,0.858254007,85.97808452
09.05.2017 00:00,45607075.63,39067160.93,0.856603068,86.6576378
10.05.2017 00:00,45738005.97,38896591.49,0.850421671,85.89177914
11.05.2017 00:00,45587151.07,38763676.34,0.85032022,85.50637917
12.05.2017 00:00,45488428.75,38825249.19,0.853519241,85.91809162
15.05.2017 00:00,45564039.68,38674402.85,0.84879223,85.21692181
16.05.2017 00:00,45406641.62,37975484.11,0.836342058,81.56785784
17.05.2017 00:00,44637498.7,37894775.53,0.84894487,81.33003507
18.05.2017 00:00,44580925.44,38029711.55,0.853048948,82.14905337
19.05.2017 00:00,44743501.55,38052246.31,0.850453027,82.23856343
22.05.2017 00:00,44748107.58,39631069.02,0.885647934,82.81753672
23.05.2017 00:00,45239380.34,39698533.64,0.877521605,83.25093276
24.05.2017 00:00,45279223.86,39666732.88,0.876047103,82.73438824
25.05.2017 00:00,45162603.2,39637490.26,0.87766177,82.78448046
26.05.2017 00:00,45172393.55,39680228.82,0.878417673,82.96678648
29.05.2017 00:00,45207252.3,39570676.66,0.875317004,82.57121129
30.05.2017 00:00,45117935.6,39405954.16,0.873398874,81.82702803
31.05.2017 00:00,44953181.02,39665496.16,0.882373511,83.19072044
01.06.2017 00:00,45238837.07,39737873.95,0.878401757,83.55301167
02.06.2017 00:00,45314289.62,39714315.85,0.876419253,83.43768941
05.06.2017 00:00,45293972.9,39483929.56,0.871725906,82.25822122
06.06.2017 00:00,45030210.41,39435512.21,0.875756783,82.0912603
07.06.2017 00:00,44990642.67,39826766.96,0.88522334,82.69908762
08.06.2017 00:00,45121018.8,40012103.51,0.886773051,83.54203603
09.06.2017 00:00,45311754.47,39826299.12,0.878939683,82.68075274
12.06.2017 00:00,44954801.01,39984451.13,0.889436728,83.4928124
13.06.2017 00:00,45128667.58,39702387.27,0.879759793,82.15955263
14.06.2017 00:00,44800763.42,39796754.2,0.888305269,82.6335401
15.06.2017 00:00,44906756.61,39754036.49,0.885257353,82.52062294
16.06.2017 00:00,44868432.29,40121493.9,0.894203159,84.32422605
19.06.2017 00:00,45264179.13,39918300.08,0.881896034,83.26802544
20.06.2017 00:00,45045041.15,40065349.53,0.889450837,83.2503656
21.06.2017 00:00,45018206.85,37936906.38,0.84270141,83.46804731
22.06.2017 00:00,45061341.7,37936472.62,0.84188511,83.43124764
23.06.2017 00:00,45051798.33,37961353.03,0.84261571,83.62597135
26.06.2017 00:00,45069256.22,37582572.97,0.833884917,81.56330429
27.06.2017 00:00,44627535.1,37649221.4,0.843632106,81.9979862
28.06.2017 00:00,44694067.85,37100860.19,0.830107036,79.04063654
29.06.2017 00:00,44071685.25,37097351.25,0.841750231,78.9695703
30.06.2017 00:00,44063647.42,37429639.97,0.849444886,80.77766639
03.07.2017 00:00,44433024.59,37393608.43,0.841572429,80.64693223
04.07.2017 00:00,44407349.95,37402789.8,0.842265747,80.79180112
05.07.2017 00:00,44429310.25,37045588.33,0.833809666,78.90807737
06.07.2017 00:00,44017849.06,37146595.79,0.843898477,79.42630117
07.07.2017 00:00,44123489.15,37259118.84,0.844428207,80.04118035
10.07.2017 00:00,44245803.99,37090932.66,0.838292659,79.10231455
11.07.2017 00:00,44036041.88,37461088.62,0.850691548,81.27146231
12.07.2017 00:00,44467774.5,37566400.28,0.844800548,81.79401549
13.07.2017 00:00,43956502.5,37695355.93,0.857560401,82.51161915
14.07.2017 00:00,44077579.19,37613603.86,0.853350038,82.12780837
17.07.2017 00:00,44001368.36,37229152.17,0.846090782,80.09800253
18.07.2017 00:00,43554507.52,37643897.12,0.864293945,82.26325866
19.07.2017 00:00,44018600.5,37401281.11,0.849669928,81.12210913
20.07.2017 00:00,43736174.79,37065775.18,0.847485528,79.29400614
21.07.2017 00:00,43360515.33,37021238.42,0.853800702,79.03752059
24.07.2017 00:00,43307796.01,37097589.97,0.856603046,79.50738205
25.07.2017 00:00,43400342.53,35900961.12,0.827204557,80.39499995
26.07.2017 00:00,43562739.76,35684599.93,0.81915417,79.29883263
27.07.2017 00:00,43316526.16,35446742.36,0.818319138,77.94846689
28.07.2017 00:00,42993131.69,35313942.07,0.821385665,77.24693233
31.07.2017 00:00,42833300.23,35441747.4,0.827434431,78.05401171
01.08.2017 00:00,42984988.46,35280427.79,0.820761597,77.16555953
02.08.2017 00:00,42774027.98,35229876.92,0.823627762,76.98544363
03.08.2017 00:00,42715564.54,35581623.01,0.832989646,78.92946375
04.08.2017 00:00,43153593.89,35524334.13,0.823206851,78.61442947
07.08.2017 00:00,43067945.14,35772933.11,0.830616204,79.81932925
08.08.2017 00:00,43330119.92,35247752.95,0.813470007,78.98687176
09.08.2017 00:00,43169149.15,34807548.54,0.806306106,76.52031666
10.08.2017 00:00,42686245.49,34588123.51,0.810287321,75.27430602
11.08.2017 00:00,42411534.99,34896592.26,0.82280899,77.35916311
14.08.2017 00:00,42768643.68,34969431.92,0.817641826,77.7454698
15.08.2017 00:00,42872648.97,35147505.25,0.81981184,78.8242456
16.08.2017 00:00,43085844.74,34768048.74,0.80694829,76.55250465
17.08.2017 00:00,42639557.2,34567350.41,0.810687368,75.51870469
18.08.2017 00:00,42421294.19,34390286.38,0.810684517,74.51995135
21.08.2017 00:00,42187817.13,34750220.48,0.823702738,76.68789467
22.08.2017 00:00,42621272.14,34586781.13,0.811491056,75.70343286
23.08.2017 00:00,42401801.24,34564747.45,0.815171678,75.62368265
24.08.2017 00:00,42390804.51,34418624.66,0.811936104,74.97695209
25.08.2017 00:00,42238918,34216169.12,0.810062633,73.89361771
28.08.2017 00:00,41970218.19,33930984.83,0.808453858,72.32875659
29.08.2017 00:00,41634018.06,34318214.48,0.824283028,74.31628699
30.08.2017 00:00,42069881.52,34485044.4,0.819708617,75.35883702
31.08.2017 00:00,42285736.91,34642220.4,0.81924126,76.34574857
01.09.2017 00:00,42477184.4,34540293.29,0.813149313,75.75165082
04.09.2017 00:00,42342453.7,34375410.26,0.811842661,74.81412267
05.09.2017 00:00,42155259.7,34533439.25,0.819196454,75.6569607
06.09.2017 00:00,42315533.24,34507321.7,0.815476471,75.65375547
07.09.2017 00:00,42273731.67,34469543.24,0.815389176,75.4799375
08.09.2017 00:00,42233089.26,34881407.04,0.825926013,77.84417711
11.09.2017 00:00,42703328.8,35170778.67,0.823607425,79.48126784
12.09.2017 00:00,43027164.73,35311381.74,0.820676472,80.1641583
13.09.2017 00:00,43175534.8,35556716.53,0.823538532,81.48332686
14.09.2017 00:00,43454622.79,35424732.33,0.815212055,80.8164937
15.09.2017 00:00,43276923.49,35625138.38,0.823190179,81.91174724
18.09.2017 00:00,43495425.3,35641062.21,0.819420938,82.02263623
19.09.2017 00:00,43493969.47,35564774.98,0.817694393,81.60596582
20.09.2017 00:00,43604046.14,35745414.26,0.819772875,82.58601681
21.09.2017 00:00,43053796.79,35758227.77,0.830547604,82.64916748
22.09.2017 00:00,43035945.31,35959911.65,0.835578524,83.70395507
25.09.2017 00:00,43292095.91,36177698.47,0.835665211,84.78009478
26.09.2017 00:00,43547727.34,36406025.44,0.836002879,86.0738441
27.09.2017 00:00,43807239.23,36394268.08,0.830782052,86.05757699
28.09.2017 00:00,43545187.7,36493447.94,0.838059264,86.68168587
29.09.2017 00:00,43650814.34,36837749.86,0.84391896,88.57221549
02.10.2017 00:00,44966715.42,36858156.21,0.819676418,88.77816764
03.10.2017 00:00,44991602.35,36873292.79,0.819559448,88.84761514
04.10.2017 00:00,44883532.91,36991906.44,0.824175461,89.53754525
05.10.2017 00:00,45030977,37003335.57,0.821730685,88.90085652
06.10.2017 00:00,45019255.53,36965857.01,0.821112135,88.75655534
09.10.2017 00:00,44978836.5,36869363.12,0.819704688,88.28641769
10.10.2017 00:00,44855683.84,36792336.52,0.820238003,87.89968621
11.10.2017 00:00,44767556.26,36755457.57,0.821028902,87.72874384
12.10.2017 00:00,44724253.35,36840099.72,0.823716372,88.24935745
13.10.2017 00:00,44832359.05,36968309.52,0.824589879,88.88725549
16.10.2017 00:00,44967804.1,37011734.75,0.823071873,89.12844898
17.10.2017 00:00,45025290.5,37088502.31,0.823725997,89.57041679
18.10.2017 00:00,45092567.43,36974540.75,0.819969739,88.89576103
19.10.2017 00:00,44935497.1,37129164.45,0.826276927,89.80837893
20.10.2017 00:00,45127888.33,37180746.48,0.823897325,90.03317615
23.10.2017 00:00,45187008.17,37156363.54,0.822279789,89.89371953
24.10.2017 00:00,45140527.47,36835132.35,0.816010233,88.08062437
25.10.2017 00:00,44769209.59,37245933.41,0.831954233,90.42739756
26.10.2017 00:00,45254082.02,37608763.87,0.831057933,92.45868283
27.10.2017 00:00,45697277.71,37496485.2,0.820540896,91.81421814
30.10.2017 00:00,45556291.56,39089490.35,0.858048121,92.18584385
31.10.2017 00:00,45612974.46,39320003.51,0.862035506,93.37005752
01.11.2017 00:00,45847251.42,38898388.98,0.848434481,92.55412604
02.11.2017 00:00,45664530.31,39152197.11,0.857387492,93.87183868
03.11.2017 00:00,45941771.25,39258891.05,0.854535861,94.60359717
06.11.2017 00:00,46080502.98,39250550.69,0.851782167,94.46367445
07.11.2017 00:00,46060008.56,39292806.12,0.853078567,94.69131414
08.11.2017 00:00,46090684.41,38890383.09,0.843779683,92.56686143
09.11.2017 00:00,45656121.82,38758962.77,0.848932437,91.86827471
10.11.2017 00:00,45506009.43,40005578.45,0.879127371,90.7980771
13.11.2017 00:00,45272379.01,39644131.13,0.875680316,88.98765287
14.11.2017 00:00,44860955.55,39345089.57,0.877045285,87.51377767
15.11.2017 00:00,44534639.18,39726557.94,0.89203727,89.56717539
16.11.2017 00:00,44968089.21,39635063.01,0.881404207,89.09405613
17.11.2017 00:00,44860858.65,39957972.45,0.890709042,90.74212825
20.11.2017 00:00,44864563.4,40150358.37,0.89492364,91.7218296
21.11.2017 00:00,45077434.42,39993748.92,0.887223273,90.93847688
22.11.2017 00:00,44907996.24,39927601.1,0.88909781,90.65202681
23.11.2017 00:00,44832090.93,39847046.27,0.888806331,90.25023649
24.11.2017 00:00,44724340.49,39729874.09,0.88832778,89.63107869
27.11.2017 00:00,44588500.31,40156100.35,0.900593204,91.83314123
28.11.2017 00:00,45046452.46,40192676.25,0.892249535,92.03372519
29.11.2017 00:00,45099702.45,40197017.7,0.891292304,92.06426777
30.11.2017 00:00,45080531.11,40056835.2,0.888561741,91.2790682
01.12.2017 00:00,44922242.6,41036095.59,0.913491696,92.52828218
04.12.2017 00:00,45191188.78,40911436.62,0.905296756,91.96898943
05.12.2017 00:00,44900695.2,41622705.49,0.926994678,91.83054796
06.12.2017 00:00,44873688.31,41646897.06,0.928091686,91.9852548
07.12.2017 00:00,44896636,41951888.35,0.934410506,93.49289625
08.12.2017 00:00,45221632.23,41969780.81,0.928090799,93.56891093
11.12.2017 00:00,45225793.16,42216894.5,0.933469411,94.78281521
12.12.2017 00:00,45501498.48,42121137.19,0.925708792,94.30666581
13.12.2017 00:00,45395673.55,41828575.34,0.921422067,92.98366248
14.12.2017 00:00,45102500.81,41863846.71,0.92819347,93.74680997
15.12.2017 00:00,45237920.65,42331771.12,0.935758552,96.01810407
18.12.2017 00:00,45749666.78,42158549.6,0.921505064,95.15936192
19.12.2017 00:00,45560859.72,41941642.48,0.920563017,94.09256357
20.12.2017 00:00,45322602.95,42137301.91,0.929719371,95.0673287
21.12.2017 00:00,45524459.41,42136351.02,0.925576087,95.07137839
22.12.2017 00:00,45519413.38,42036218.58,0.923478917,94.59200143
25.12.2017 00:00,45412874.16,42026198.97,0.925424778,94.57328082
26.12.2017 00:00,45405211.57,42016509.8,0.925367559,94.52453494
27.12.2017 00:00,45384905.6,41932017.89,0.92391991,94.12940615
28.12.2017 00:00,45301408.91,41650378.87,0.919405817,92.76928339
29.12.2017 00:00,44913555.22,41664355.12,0.927656582,92.83306085
01.01.2018 00:00,44980710.82,41758123.02,0.928356228,93.31002275
02.01.2018 00:00,45060448.82,42092580.14,0.934135838,94.91153292
03.01.2018 00:00,45404892.34,42355234.62,0.93283416,96.27216648
04.01.2018 00:00,45685471.56,42771854.02,0.936224418,98.29642025
05.01.2018 00:00,46123800.51,42969259.39,0.931607086,99.22735309
08.01.2018 00:00,46327101.5,43107609.73,0.930505219,99.95588052
09.01.2018 00:00,46477225.29,42833794.69,0.921608259,98.64706132
10.01.2018 00:00,46190608.15,42848386.84,0.927642838,98.72645185
11.01.2018 00:00,46201146.49,42972261.31,0.930112445,99.336831
12.01.2018 00:00,45143140.85,41064307.45,0.909646663,98.23883569
15.01.2018 00:00,44897538.44,40847667.37,0.909797481,98.70240492
16.01.2018 00:00,44994432.12,40946881.48,0.9100433,99.15452453
17.01.2018 00:00,44815770.01,40973738.35,0.914270542,99.29168952
18.01.2018 00:00,44847665.59,41189792.81,0.918437833,100.408582
19.01.2018 00:00,45064945.29,41380353.73,0.918238189,101.3183859
22.01.2018 00:00,45341973.76,41350318.08,0.911965551,101.1395471
23.01.2018 00:00,45310155.35,41039985.74,0.905756898,99.61426171
24.01.2018 00:00,44988801.5,40730410.45,0.905345533,98.02655307
25.01.2018 00:00,44664636.07,41288675.41,0.924415355,100.7394224
26.01.2018 00:00,45219867.81,41248675.61,0.912180367,100.54595
29.01.2018 00:00,45184266.21,40647578.19,0.899595846,97.62021143
30.01.2018 00:00,44576714.93,40451206.7,0.907451497,96.5989329
31.01.2018 00:00,44372452.81,40265188.34,0.907436614,95.86704126
01.02.2018 00:00,44200975.77,39513686.48,0.893955072,92.2176165
02.02.2018 00:00,43453645.62,38462023.4,0.885127654,87.228332
05.02.2018 00:00,42428093.47,37270482.81,0.878438784,87.15895701
06.02.2018 00:00,42366973.57,38176696.89,0.901095681,89.10704658
07.02.2018 00:00,42775435.2,37278720.19,0.871498326,84.61487867
08.02.2018 00:00,41883030.33,37278884.32,0.890071325,84.53013714
09.02.2018 00:00,41851972.59,37712276.87,0.901087202,86.75935879
12.02.2018 00:00,42282532.3,37470885.33,0.886202488,85.50890915
13.02.2018 00:00,42015188.26,37824653.27,0.900261425,87.37314727
14.02.2018 00:00,42383550.71,37946751.55,0.895317899,88.09922649
15.02.2018 00:00,42513759.58,38202213.22,0.898584684,89.44295868
16.02.2018 00:00,42792783.27,38192972.54,0.892509662,89.36934089
19.02.2018 00:00,42774741.73,38273594.64,0.894770911,89.82190641
20.02.2018 00:00,42870825.08,38168215.76,0.890307469,89.31837232
21.02.2018 00:00,42771851.38,38204946.91,0.893226402,89.54480552
22.02.2018 00:00,42815688.38,38479188.82,0.898717042,90.95498083
23.02.2018 00:00,43094930.27,38813309.67,0.900646768,92.69056408
26.02.2018 00:00,43430298.56,38671145.01,0.890418585,91.9700841
27.02.2018 00:00,43290794.67,39254096.27,0.906753885,90.52149124
28.02.2018 00:00,43860858.58,38762848.98,0.883768586,88.07163486
01.03.2018 00:00,43353087.11,38285334.66,0.883105154,85.73203935
02.03.2018 00:00,42401332.27,38525436.93,0.908590246,86.9969264
05.03.2018 00:00,42596743.61,38785053.54,0.910516867,87.30291176
06.03.2018 00:00,42652961.74,38863969.7,0.911166965,87.68915001
07.03.2018 00:00,42736793.6,39180711.23,0.916791082,89.3839035
08.03.2018 00:00,43076863.67,39530810.86,0.917680804,91.07332576
09.03.2018 00:00,43430870.34,39555222.66,0.910762836,91.19901349
12.03.2018 00:00,43451441.88,39142474.48,0.90083258,89.11069623
13.03.2018 00:00,43014256.39,38979990.68,0.906210962,88.3663144
14.03.2018 00:00,42857373.68,39102990.4,0.912398195,89.2094994
15.03.2018 00:00,43017657.42,39247457.17,0.912356914,89.92241622
16.03.2018 00:00,43160685.35,38736441.61,0.897493663,87.36016536
19.03.2018 00:00,42625087.76,38896613.15,0.912528635,88.18734593
20.03.2018 00:00,42791164.16,38871336.24,0.908396324,88.02841822
21.03.2018 00:00,42759966.38,38080391.07,0.890561764,84.0900306
22.03.2018 00:00,41944703.67,37413813.31,0.89197944,80.82002789
23.03.2018 00:00,41263947.41,38578633.05,0.934923474,81.85341242
26.03.2018 00:00,42388524.59,38660646.27,0.912054539,82.40581424
27.03.2018 00:00,42008057.69,37795501.79,0.899720289,82.66796306
28.03.2018 00:00,41190929.28,38265060.76,0.928968135,84.9834013
29.03.2018 00:00,41458994.24,38267151.15,0.923012047,84.99676934
30.03.2018 00:00,41461477.74,37833964.68,0.912508833,82.8757972
02.04.2018 00:00,41028368.2,37989298.61,0.925927603,83.64512895
03.04.2018 00:00,41164349.86,38047898.98,0.924292479,83.94149218
04.04.2018 00:00,41156888.33,38683453.96,0.939902299,87.19983611
05.04.2018 00:00,41836715.92,38215720.97,0.91344935,85.04159155
06.04.2018 00:00,41383607.18,38213642.32,0.92340047,85.18746438
09.04.2018 00:00,41404228.72,,0,
