31.03.1997,0
01.04.1997,-0.0009
02.04.1997,-0.0014
03.04.1997,-0.0105
04.04.1997,-0.0037
07.04.1997,-0.0045
08.04.1997,0.0022
09.04.1997,0.0052
10.04.1997,0.008
11.04.1997,-0.0075
14.04.1997,-0.0013
15.04.1997,0.006
16.04.1997,-0.003
17.04.1997,0.0031
18.04.1997,0.0033
21.04.1997,-0.0053
22.04.1997,0.0046
23.04.1997,0.0045
24.04.1997,0.0064
25.04.1997,-0.0023
28.04.1997,0.0025
29.04.1997,-0.0129
30.04.1997,0.0012
01.05.1997,0.0035
02.05.1997,-0.001
05.05.1997,-0.0033
06.05.1997,0.0059
07.05.1997,0.0028
08.05.1997,-0.0026
09.05.1997,-0.0106
12.05.1997,0.0007
13.05.1997,-0.0042
14.05.1997,0.0031
15.05.1997,0.0071
16.05.1997,0.0071
19.05.1997,0.0037
20.05.1997,-0.0021
21.05.1997,0.0033
22.05.1997,0.0006
23.05.1997,-0.003
26.05.1997,-0.0005
27.05.1997,0.0045
28.05.1997,0.0044
29.05.1997,0.0142
30.05.1997,-0.0063
02.06.1997,-0.013
03.06.1997,0.0022
04.06.1997,-0.0015
05.06.1997,-0.0062
06.06.1997,0.0024
09.06.1997,0.0027
10.06.1997,0.0038
11.06.1997,0.0054
12.06.1997,0.0119
13.06.1997,0.0076
16.06.1997,0.0022
17.06.1997,-0.0039
18.06.1997,0.0089
19.06.1997,0.0019
20.06.1997,-0.0041
23.06.1997,0.0052
24.06.1997,-0.0021
25.06.1997,-0.0006
26.06.1997,0.0024
27.06.1997,0.0092
30.06.1997,0.0038
01.07.1997,0.0012
02.07.1997,0.0038
03.07.1997,0.0046
04.07.1997,0.0066
07.07.1997,0.0098
08.07.1997,-0.0061
09.07.1997,-0.0028
10.07.1997,0.0016
11.07.1997,-0.0031
14.07.1997,-0.0027
15.07.1997,-0.0022
16.07.1997,0.0028
17.07.1997,-0.0046
18.07.1997,-0.0106
21.07.1997,0.0071
22.07.1997,-0.0041
23.07.1997,-0.0014
24.07.1997,0.0065
25.07.1997,0
28.07.1997,-0.0163
29.07.1997,-0.0044
30.07.1997,-0.0035
31.07.1997,0.0044
01.08.1997,-0.0005
04.08.1997,-0.0007
05.08.1997,0.0025
06.08.1997,-0.0033
07.08.1997,0.0014
08.08.1997,-0.0102
11.08.1997,-0.0003
12.08.1997,-0.0018
13.08.1997,-0.0068
14.08.1997,0.0078
15.08.1997,-0.0038
18.08.1997,0.0071
19.08.1997,-0.0009
20.08.1997,0.0027
21.08.1997,-0.0023
22.08.1997,-0.0062
25.08.1997,0.0012
26.08.1997,0.0038
27.08.1997,-0.007
28.08.1997,0.0068
29.08.1997,0.0007
01.09.1997,-0.0036
02.09.1997,-0.0008
03.09.1997,-0.0062
04.09.1997,0.0016
05.09.1997,-0.0072
08.09.1997,-0.0004
09.09.1997,0.0051
10.09.1997,0.0001
11.09.1997,-0.0006
12.09.1997,-0.0017
15.09.1997,-0.0026
16.09.1997,0.0067
17.09.1997,0.0013
18.09.1997,-0.0034
19.09.1997,0.0007
22.09.1997,-0.0002
23.09.1997,-0.0052
24.09.1997,-0.004
25.09.1997,-0.0043
26.09.1997,0.0011
29.09.1997,-0.0057
30.09.1997,-0.0023
01.10.1997,0.0058
02.10.1997,0.0037
03.10.1997,-0.0043
06.10.1997,0.0077
07.10.1997,0.0093
08.10.1997,-0.0008
09.10.1997,-0.0038
10.10.1997,-0.0047
13.10.1997,0.0016
14.10.1997,-0.0054
15.10.1997,0.0095
16.10.1997,0.0005
17.10.1997,0.0038
20.10.1997,0.0027
21.10.1997,-0.0079
22.10.1997,-0.0055
23.10.1997,0.0074
24.10.1997,0.0063
27.10.1997,0.0134
28.10.1997,0.0028
29.10.1997,-0.003
30.10.1997,-0.0012
31.10.1997,0.0059
03.11.1997,-0.0057
04.11.1997,-0.0021
05.11.1997,-0.004
06.11.1997,0.0063
07.11.1997,0.0122
10.11.1997,0.0002
11.11.1997,0.0035
12.11.1997,0.0025
13.11.1997,-0.0009
14.11.1997,0.003
17.11.1997,-0.0079
18.11.1997,-0.006
19.11.1997,0.0062
20.11.1997,-0.0027
21.11.1997,0.0022
24.11.1997,0.0058
25.11.1997,0.005
26.11.1997,0.0093
27.11.1997,-0.0018
28.11.1997,0.0006
01.12.1997,0.0109
02.12.1997,0.0011
03.12.1997,0.0037
04.12.1997,0.0051
05.12.1997,-0.0029
08.12.1997,-0.0045
09.12.1997,0.0067
10.12.1997,0.001
11.12.1997,0.0011
12.12.1997,-0.0032
15.12.1997,-0.0012
16.12.1997,-0.0067
17.12.1997,-0.007
18.12.1997,0.0106
19.12.1997,-0.0019
22.12.1997,-0.0018
23.12.1997,0.0015
24.12.1997,-0.0007
25.12.1997,-0.0009
26.12.1997,0.0063
29.12.1997,0.0079
30.12.1997,-0.0003
31.12.1997,0.0029
01.01.1998,-0.0001
02.01.1998,0.0015
05.01.1998,0.0099
06.01.1998,0.0007
07.01.1998,-0.0026
08.01.1998,0.0142
09.01.1998,0.0047
12.01.1998,0.0044
13.01.1998,-0.0101
14.01.1998,-0.0034
15.01.1998,-0.0019
16.01.1998,-0.0082
19.01.1998,-0.0007
20.01.1998,-0.0049
21.01.1998,-0.0027
22.01.1998,-0.001
23.01.1998,-0.019
26.01.1998,-0.0012
27.01.1998,-0.0075
28.01.1998,-0.0055
29.01.1998,0.0108
30.01.1998,-0.002
02.02.1998,-0.0041
03.02.1998,0.0066
04.02.1998,0.0037
05.02.1998,0.0007
06.02.1998,-0.0015
09.02.1998,-0.0029
10.02.1998,0.0004
11.02.1998,0.0064
12.02.1998,0.0019
13.02.1998,0.0064
16.02.1998,-0.0009
17.02.1998,0.0089
18.02.1998,0.0003
19.02.1998,0.0025
20.02.1998,0.0043
23.02.1998,0.007
24.02.1998,0.0042
25.02.1998,0
26.02.1998,-0.0062
27.02.1998,-0.0117
02.03.1998,-0.0098
03.03.1998,0.0056
04.03.1998,-0.0002
05.03.1998,0.0037
06.03.1998,0.0009
09.03.1998,0.0101
10.03.1998,0.0049
11.03.1998,0.0023
12.03.1998,-0.002
13.03.1998,-0.0012
16.03.1998,0.0075
17.03.1998,-0.0026
18.03.1998,0.0009
19.03.1998,0.0027
20.03.1998,0.0004
23.03.1998,-0.0107
24.03.1998,0.003
25.03.1998,-0.0023
26.03.1998,0.0007
27.03.1998,-0.0087
30.03.1998,0.0001
31.03.1998,0.0065
01.04.1998,0.0049
02.04.1998,-0.0036
03.04.1998,0.0029
06.04.1998,0.0043
07.04.1998,0.0005
08.04.1998,-0.0033
09.04.1998,0.0029
10.04.1998,0.0001
13.04.1998,-0.0035
14.04.1998,0.002
15.04.1998,-0.0039
16.04.1998,0.0021
17.04.1998,0.0015
20.04.1998,0.0084
21.04.1998,-0.0013
22.04.1998,0.0031
23.04.1998,0.0034
24.04.1998,-0.0002
27.04.1998,0.0003
28.04.1998,-0.0037
29.04.1998,0.0051
30.04.1998,-0.0003
01.05.1998,0.0003
04.05.1998,0.0004
05.05.1998,-0.0017
06.05.1998,-0.0004
07.05.1998,0.0009
08.05.1998,-0.0019
11.05.1998,0.0006
12.05.1998,0.0095
13.05.1998,0.0092
14.05.1998,-0.0011
15.05.1998,0.0067
18.05.1998,0.0051
19.05.1998,-0.0062
20.05.1998,-0.004
21.05.1998,-0.0076
22.05.1998,0.0051
25.05.1998,0.0051
26.05.1998,0.0064
27.05.1998,-0.0044
28.05.1998,0.001
29.05.1998,0.0027
01.06.1998,0.0082
02.06.1998,-0.0049
03.06.1998,0.0026
04.06.1998,-0.004
05.06.1998,0.0068
08.06.1998,0.0047
09.06.1998,0.0024
10.06.1998,0.007
11.06.1998,0.0099
12.06.1998,0.003
15.06.1998,0.013
16.06.1998,-0.0084
17.06.1998,-0.0232
18.06.1998,0.0074
19.06.1998,-0.0072
22.06.1998,0.0047
23.06.1998,-0.0017
24.06.1998,0.0052
25.06.1998,0.0016
26.06.1998,0.0015
29.06.1998,0.005
30.06.1998,-0.0096
01.07.1998,-0.0021
02.07.1998,0.0061
03.07.1998,-0.0027
06.07.1998,0.0009
07.07.1998,0.0024
08.07.1998,-0.0017
09.07.1998,0.0051
10.07.1998,-0.0013
13.07.1998,-0.009
14.07.1998,-0.0066
15.07.1998,-0.0005
16.07.1998,-0.0005
17.07.1998,0.0026
20.07.1998,-0.0003
21.07.1998,0.0027
22.07.1998,-0.0049
23.07.1998,0.0007
24.07.1998,-0.0024
27.07.1998,0.0048
28.07.1998,-0.0119
29.07.1998,-0.0004
30.07.1998,-0.0032
31.07.1998,-0.0004
03.08.1998,0.005
04.08.1998,-0.0014
05.08.1998,0.0013
06.08.1998,0.0061
07.08.1998,-0.0032
10.08.1998,0.0061
11.08.1998,0.0206
12.08.1998,-0.0078
13.08.1998,-0.0087
14.08.1998,0.005
17.08.1998,0.0039
18.08.1998,-0.0062
19.08.1998,0.0021
20.08.1998,0.0006
21.08.1998,0.0215
24.08.1998,0.0026
25.08.1998,0.0038
26.08.1998,0.0083
27.08.1998,0.0085
28.08.1998,-0.0053
31.08.1998,0.0108
01.09.1998,-0.0119
02.09.1998,-0.0089
03.09.1998,-0.0068
04.09.1998,-0.0055
07.09.1998,-0.0042
08.09.1998,-0.0048
09.09.1998,0.0079
10.09.1998,0.0067
11.09.1998,-0.0022
14.09.1998,-0.0016
15.09.1998,-0.0046
16.09.1998,0.0001
17.09.1998,0.0114
18.09.1998,0.0052
21.09.1998,0.0051
22.09.1998,-0.0049
23.09.1998,-0.0069
24.09.1998,-0.004
25.09.1998,0.0031
28.09.1998,-0.0059
29.09.1998,-0.0005
30.09.1998,0.0129
01.10.1998,0.0121
02.10.1998,0.0031
05.10.1998,0.0058
06.10.1998,-0.0076
07.10.1998,-0.0118
08.10.1998,0.0014
09.10.1998,-0.0173
12.10.1998,-0.0082
13.10.1998,0.0023
14.10.1998,-0.0017
15.10.1998,-0.0089
16.10.1998,-0.0008
19.10.1998,0.0088
20.10.1998,-0.0022
21.10.1998,-0.0036
22.10.1998,-0.0009
23.10.1998,-0.0017
26.10.1998,-0.008
27.10.1998,0.0037
28.10.1998,0.0062
29.10.1998,0.0036
30.10.1998,-0.0032
02.11.1998,-0.0091
03.11.1998,-0.0071
04.11.1998,-0.008
05.11.1998,0.0025
06.11.1998,0.0078
09.11.1998,0.0072
10.11.1998,0.0019
11.11.1998,0.0021
12.11.1998,-0.0076
13.11.1998,0.0054
16.11.1998,0.0032
17.11.1998,0.0047
18.11.1998,-0.0027
19.11.1998,-0.0032
20.11.1998,0.0023
23.11.1998,0.0043
24.11.1998,0.0014
25.11.1998,-0.0057
26.11.1998,-0.0042
27.11.1998,-0.0019
30.11.1998,0.0069
01.12.1998,-0.0015
02.12.1998,-0.0035
03.12.1998,0.0028
04.12.1998,0.0047
07.12.1998,0.0027
08.12.1998,0.005
09.12.1998,0.0041
10.12.1998,0.0017
11.12.1998,0.0084
14.12.1998,-0.0058
15.12.1998,-0.0008
16.12.1998,-0.0074
17.12.1998,0.011
18.12.1998,0.0028
21.12.1998,0.0067
22.12.1998,-0.0101
23.12.1998,0.0053
24.12.1998,0.0006
25.12.1998,-0.0009
28.12.1998,-0.0012
29.12.1998,-0.0016
30.12.1998,0.0034
31.12.1998,-0.0011
01.01.1999,-0.0001
04.01.1999,0.0108
05.01.1999,-0.0101
06.01.1999,-0.0105
07.01.1999,-0.0079
08.01.1999,-0.0005
11.01.1999,-0.0075
12.01.1999,-0.0033
13.01.1999,0.0169
14.01.1999,-0.0008
15.01.1999,0.0043
18.01.1999,-0.0052
19.01.1999,0.0049
20.01.1999,0.0004
21.01.1999,0.0035
22.01.1999,0.016
25.01.1999,0.0093
26.01.1999,-0.0011
27.01.1999,0.0017
28.01.1999,-0.0046
29.01.1999,-0.0048
01.02.1999,0.0062
02.02.1999,0.0029
03.02.1999,0.0052
04.02.1999,0.0026
05.02.1999,-0.0001
08.02.1999,-0.0012
09.02.1999,0.0027
10.02.1999,-0.0029
11.02.1999,0.0079
12.02.1999,0.0006
15.02.1999,-0.0017
16.02.1999,-0.0003
17.02.1999,-0.0042
18.02.1999,0.0019
19.02.1999,-0.0019
22.02.1999,0.0018
23.02.1999,-0.0056
24.02.1999,0.0007
25.02.1999,0.0007
26.02.1999,0.0065
01.03.1999,0.002
02.03.1999,-0.0025
03.03.1999,0.0025
04.03.1999,-0.0003
05.03.1999,-0.0027
08.03.1999,-0.0044
09.03.1999,-0.0056
10.03.1999,-0.0014
11.03.1999,0.0008
12.03.1999,0.005
15.03.1999,0.0074
16.03.1999,-0.0083
17.03.1999,-0.0054
18.03.1999,0.0077
19.03.1999,0.0088
22.03.1999,-0.001
23.03.1999,-0.0051
24.03.1999,0.0008
25.03.1999,0.0019
26.03.1999,0.0024
29.03.1999,-0.0051
30.03.1999,-0.0013
31.03.1999,0.0009
01.04.1999,0.0087
02.04.1999,0.0002
05.04.1999,0.0063
06.04.1999,0.0014
07.04.1999,0.0059
08.04.1999,0.0072
09.04.1999,0.0003
12.04.1999,0.0026
13.04.1999,0.0012
14.04.1999,-0.0064
15.04.1999,0.0045
16.04.1999,0.0065
19.04.1999,0.0083
20.04.1999,-0.0054
21.04.1999,0.0008
22.04.1999,0.0097
23.04.1999,0.0009
26.04.1999,0.0052
27.04.1999,0.003
28.04.1999,-0.0003
29.04.1999,0.0009
30.04.1999,-0.0046
03.05.1999,0.0003
04.05.1999,-0.0068
05.05.1999,-0.006
06.05.1999,-0.0017
07.05.1999,0.0064
10.05.1999,0.0085
11.05.1999,-0.0033
12.05.1999,0.0022
13.05.1999,0.0046
14.05.1999,-0.0033
17.05.1999,-0.0081
18.05.1999,0.0004
19.05.1999,-0.0058
20.05.1999,0.0054
21.05.1999,0.0035
24.05.1999,0.0007
25.05.1999,-0.0039
26.05.1999,0.0059
27.05.1999,-0.0068
28.05.1999,0.001
31.05.1999,0.001
01.06.1999,-0.002
02.06.1999,-0.0005
03.06.1999,-0.013
04.06.1999,-0.0013
07.06.1999,0.0024
08.06.1999,-0.0098
09.06.1999,0.0056
10.06.1999,0.0043
11.06.1999,-0.0045
14.06.1999,0.0053
15.06.1999,0.0023
16.06.1999,0.0083
17.06.1999,0.0017
18.06.1999,-0.008
21.06.1999,0.002
22.06.1999,0.0017
23.06.1999,0.0028
24.06.1999,-0.002
25.06.1999,-0.0022
28.06.1999,0.0099
29.06.1999,0.0029
30.06.1999,-0.0042
01.07.1999,0.0137
02.07.1999,0.0063
05.07.1999,0.0054
06.07.1999,0.0108
07.07.1999,0.0002
08.07.1999,-0.0008
09.07.1999,0.0008
12.07.1999,0.0026
13.07.1999,0.002
14.07.1999,-0.0002
15.07.1999,0.0019
16.07.1999,-0.0011
19.07.1999,-0.0072
20.07.1999,-0.0077
21.07.1999,-0.0121
22.07.1999,-0.0044
23.07.1999,-0.0001
26.07.1999,0.0026
27.07.1999,0.0041
28.07.1999,0.0094
29.07.1999,-0.0044
30.07.1999,-0.0019
02.08.1999,-0.0046
03.08.1999,-0.0048
04.08.1999,-0.007
05.08.1999,0.0009
06.08.1999,0.0073
09.08.1999,-0.0034
10.08.1999,0.0019
11.08.1999,0.0015
12.08.1999,-0.0048
13.08.1999,-0.0006
16.08.1999,0.0007
17.08.1999,-0.002
18.08.1999,0.0018
19.08.1999,0.0036
20.08.1999,0.0019
23.08.1999,0.0101
24.08.1999,-0.0075
25.08.1999,0.0021
26.08.1999,0.0017
27.08.1999,-0.0022
30.08.1999,0.004
31.08.1999,-0.0063
01.09.1999,0.0014
02.09.1999,-0.0015
03.09.1999,0.0042
06.09.1999,0.0024
07.09.1999,-0.0011
08.09.1999,-0.003
09.09.1999,0.0084
10.09.1999,0.0041
13.09.1999,0.0015
14.09.1999,-0.0046
15.09.1999,0.0039
16.09.1999,0.0018
17.09.1999,0.0002
20.09.1999,-0.0039
21.09.1999,-0.0058
22.09.1999,-0.0051
23.09.1999,0.0022
24.09.1999,-0.0114
27.09.1999,-0.0269
28.09.1999,-0.0352
29.09.1999,0.0032
30.09.1999,0.0072
01.10.1999,-0.0019
04.10.1999,-0.0057
05.10.1999,-0.0093
06.10.1999,0.0015
07.10.1999,-0.0008
08.10.1999,-0.006
11.10.1999,0.0005
12.10.1999,0.0027
13.10.1999,-0.0134
14.10.1999,0.0115
15.10.1999,-0.007
18.10.1999,0.0002
19.10.1999,-0.0022
20.10.1999,0.0118
21.10.1999,0.002
22.10.1999,0.0073
25.10.1999,0.0064
26.10.1999,-0.0022
27.10.1999,-0.0058
28.10.1999,-0.0116
29.10.1999,0.0015
01.11.1999,-0.0041
02.11.1999,0.0035
03.11.1999,0.0014
04.11.1999,0.0047
05.11.1999,0.0029
08.11.1999,-0.0021
09.11.1999,0.0062
10.11.1999,0.0122
11.11.1999,-0.0053
12.11.1999,0.0074
15.11.1999,-0.0026
16.11.1999,-0.0032
17.11.1999,-0.0011
18.11.1999,0.0035
19.11.1999,-0.0013
22.11.1999,0.0025
23.11.1999,-0.0007
24.11.1999,0.0082
25.11.1999,0.0001
26.11.1999,0.0049
29.11.1999,-0.0095
30.11.1999,-0.0083
01.12.1999,-0.0015
02.12.1999,0.0098
03.12.1999,0.0082
06.12.1999,-0.0004
07.12.1999,-0.0081
08.12.1999,0.0027
09.12.1999,0.003
10.12.1999,0.007
13.12.1999,0.009
14.12.1999,0.0055
15.12.1999,0.0029
16.12.1999,0.0072
17.12.1999,0.0063
20.12.1999,-0.0051
21.12.1999,0.0018
22.12.1999,0.0012
23.12.1999,-0.0038
24.12.1999,-0.001
27.12.1999,0.0045
28.12.1999,0.01
29.12.1999,0.002
30.12.1999,-0.0054
31.12.1999,-0.001
03.01.2000,-0.003
04.01.2000,-0.0095
05.01.2000,-0.0169
06.01.2000,-0.0153
07.01.2000,-0.0042
10.01.2000,0.0065
11.01.2000,0.0107
12.01.2000,0.0018
13.01.2000,-0.0027
14.01.2000,0.0051
17.01.2000,0.0097
18.01.2000,0.0033
19.01.2000,-0.0102
20.01.2000,0.0047
21.01.2000,0.0118
24.01.2000,0.0038
25.01.2000,0.0016
26.01.2000,-0.0035
27.01.2000,0.0066
28.01.2000,0.0022
31.01.2000,0.0139
01.02.2000,0.0063
02.02.2000,-0.001
03.02.2000,-0.0017
04.02.2000,0.0123
07.02.2000,0.0056
08.02.2000,0.003
09.02.2000,0.0021
10.02.2000,0
11.02.2000,0.0051
14.02.2000,0.0045
15.02.2000,-0.0007
16.02.2000,0.0052
17.02.2000,0.0011
18.02.2000,-0.0025
21.02.2000,-0.0066
22.02.2000,-0.001
23.02.2000,0.0002
24.02.2000,0.0043
25.02.2000,0.0129
28.02.2000,0.0039
29.02.2000,0.0002
01.03.2000,-0.0037
02.03.2000,-0.0026
03.03.2000,-0.0006
06.03.2000,0.0013
07.03.2000,0.0068
08.03.2000,-0.0043
09.03.2000,-0.0062
10.03.2000,0.006
13.03.2000,-0.0104
14.03.2000,-0.0039
15.03.2000,-0.0021
16.03.2000,-0.0038
17.03.2000,0.0018
20.03.2000,0.0012
21.03.2000,0.0024
22.03.2000,-0.0005
23.03.2000,-0.0044
24.03.2000,-0.0074
27.03.2000,0.0049
28.03.2000,0.0041
29.03.2000,0.0029
30.03.2000,-0.0055
31.03.2000,0.0001
03.04.2000,-0.001
04.04.2000,-0.0047
05.04.2000,-0.0044
06.04.2000,-0.0014
07.04.2000,0.0101
10.04.2000,0.0021
11.04.2000,-0.0024
12.04.2000,0.0025
13.04.2000,-0.01
14.04.2000,0.0026
17.04.2000,-0.0088
18.04.2000,0.0013
19.04.2000,0.0023
20.04.2000,0.0038
21.04.2000,-0.0026
24.04.2000,-0.0003
25.04.2000,0.0039
26.04.2000,0.0017
27.04.2000,0.0021
28.04.2000,0.0006
01.05.2000,-0.0024
02.05.2000,-0.003
03.05.2000,0.0009
04.05.2000,0.0046
05.05.2000,-0.0026
08.05.2000,0.0009
09.05.2000,-0.0043
10.05.2000,0.0032
11.05.2000,-0.0005
12.05.2000,-0.0071
15.05.2000,0.0046
16.05.2000,-0.0011
17.05.2000,0.0141
18.05.2000,0.0062
19.05.2000,-0.0078
22.05.2000,-0.0014
23.05.2000,0.0048
24.05.2000,0.0054
25.05.2000,-0.0014
26.05.2000,-0.0038
29.05.2000,-0.0015
30.05.2000,-0.0102
31.05.2000,-0.0023
01.06.2000,-0.0121
02.06.2000,-0.0144
05.06.2000,-0.0001
06.06.2000,-0.0082
07.06.2000,-0.0037
08.06.2000,0.0057
09.06.2000,0.0047
12.06.2000,0.0026
13.06.2000,0.0035
14.06.2000,-0.002
15.06.2000,0.0035
16.06.2000,-0.0024
19.06.2000,-0.0014
20.06.2000,0.0038
21.06.2000,0.0047
22.06.2000,0.0006
23.06.2000,0.0006
26.06.2000,0.0004
27.06.2000,-0.0017
28.06.2000,0.003
29.06.2000,0.0033
30.06.2000,-0.0045
03.07.2000,-0.0022
04.07.2000,-0.0044
05.07.2000,-0.0112
06.07.2000,0.0068
07.07.2000,0.0027
10.07.2000,0.0006
11.07.2000,-0.0018
12.07.2000,0.0016
13.07.2000,-0.0038
14.07.2000,0.0117
17.07.2000,0.002
18.07.2000,0.0007
19.07.2000,0.0005
20.07.2000,0.0085
21.07.2000,0.0099
24.07.2000,0.0071
25.07.2000,0.0009
26.07.2000,0.0002
27.07.2000,0.008
28.07.2000,0.0053
31.07.2000,0.003
01.08.2000,0.0059
02.08.2000,0.0059
03.08.2000,-0.0043
04.08.2000,0.0004
07.08.2000,-0.0088
08.08.2000,0.0073
09.08.2000,0.0047
10.08.2000,0.0004
11.08.2000,-0.0023
14.08.2000,-0.0035
15.08.2000,0.0002
16.08.2000,-0.0032
17.08.2000,-0.0005
18.08.2000,0.0053
21.08.2000,0.0069
22.08.2000,-0.0013
23.08.2000,-0.0012
24.08.2000,-0.0055
25.08.2000,0.0053
28.08.2000,-0.0003
29.08.2000,0.0063
30.08.2000,0.003
31.08.2000,-0.0028
01.09.2000,-0.0053
04.09.2000,0.0035
05.09.2000,0.0028
06.09.2000,0.0121
07.09.2000,0.0038
08.09.2000,0.0014
11.09.2000,0.0055
12.09.2000,-0.0018
13.09.2000,-0.0041
14.09.2000,-0.0005
15.09.2000,0.0052
18.09.2000,0.0039
19.09.2000,-0.001
20.09.2000,-0.0026
21.09.2000,-0.0014
22.09.2000,-0.005
25.09.2000,-0.004
26.09.2000,-0.0052
27.09.2000,-0.0022
28.09.2000,-0.0062
29.09.2000,0.0003
02.10.2000,0.0061
03.10.2000,0.0026
04.10.2000,0.0006
05.10.2000,-0.001
06.10.2000,0.0011
09.10.2000,0.0072
10.10.2000,-0.0032
11.10.2000,0.0132
12.10.2000,0.0057
13.10.2000,0.001
16.10.2000,-0.0042
17.10.2000,0.0016
18.10.2000,0.0032
19.10.2000,-0.0066
20.10.2000,-0.0041
23.10.2000,0.005
24.10.2000,-0.0116
25.10.2000,0.0046
26.10.2000,0.0015
27.10.2000,-0.0026
30.10.2000,0.003
31.10.2000,0.0008
01.11.2000,-0.0075
02.11.2000,0.0045
03.11.2000,-0.0048
06.11.2000,-0.0004
07.11.2000,0.0032
08.11.2000,0.008
09.11.2000,0.0046
10.11.2000,0.0073
13.11.2000,0.0062
14.11.2000,-0.0006
15.11.2000,0.0017
16.11.2000,0.0008
17.11.2000,0.0051
20.11.2000,0.0077
21.11.2000,0.0023
22.11.2000,0.0061
23.11.2000,0.0016
24.11.2000,-0.0018
27.11.2000,-0.0058
28.11.2000,0.0054
29.11.2000,0.0096
30.11.2000,0.0031
01.12.2000,0
04.12.2000,0.0133
05.12.2000,-0.0041
06.12.2000,-0.0038
07.12.2000,0.0038
08.12.2000,0.0011
11.12.2000,0.0041
12.12.2000,0.0025
13.12.2000,-0.0042
14.12.2000,0.007
15.12.2000,0.0059
18.12.2000,0.0004
19.12.2000,-0.0006
20.12.2000,0.0109
21.12.2000,0.0011
22.12.2000,-0.002
25.12.2000,-0.0008
26.12.2000,-0.0012
27.12.2000,-0.0017
28.12.2000,-0.0006
29.12.2000,0.0035
01.01.2001,-0.0001
02.01.2001,0.0024
03.01.2001,0.0034
04.01.2001,0.0017
05.01.2001,-0.0015
08.01.2001,0.0035
09.01.2001,0.0108
10.01.2001,-0.0002
11.01.2001,-0.0038
12.01.2001,-0.0039
15.01.2001,-0.0002
16.01.2001,-0.0084
17.01.2001,-0.0192
18.01.2001,-0.0035
19.01.2001,0.0016
22.01.2001,-0.0025
23.01.2001,-0.003
24.01.2001,-0.0029
25.01.2001,0.0034
26.01.2001,-0.0004
29.01.2001,-0.0041
30.01.2001,-0.0015
31.01.2001,0.0059
01.02.2001,-0.0059
02.02.2001,-0.0014
05.02.2001,0.0097
06.02.2001,-0.0028
07.02.2001,0.0081
08.02.2001,-0.0028
09.02.2001,0.001
12.02.2001,-0.0058
13.02.2001,0.0015
14.02.2001,0.0025
15.02.2001,-0.0026
16.02.2001,0.0061
19.02.2001,0.0023
20.02.2001,0.0031
21.02.2001,0.0066
22.02.2001,0.0014
23.02.2001,-0.0018
26.02.2001,0.0026
27.02.2001,0.0015
28.02.2001,0.0079
01.03.2001,0.0007
02.03.2001,0.0058
05.03.2001,-0.0069
06.03.2001,-0.0067
07.03.2001,0.0049
08.03.2001,-0.0001
09.03.2001,0.0049
12.03.2001,0.0145
13.03.2001,0.002
14.03.2001,0.0134
15.03.2001,0.0058
16.03.2001,0.0053
19.03.2001,0.0018
20.03.2001,-0.0041
21.03.2001,0.0091
22.03.2001,0.0118
23.03.2001,-0.0136
26.03.2001,-0.0106
27.03.2001,-0.0066
28.03.2001,0.0071
29.03.2001,0.0124
30.03.2001,0.0146
02.04.2001,0.0059
03.04.2001,-0.0003
04.04.2001,-0.0052
05.04.2001,-0.0096
06.04.2001,-0.0005
09.04.2001,0.0033
10.04.2001,-0.0125
11.04.2001,-0.0016
12.04.2001,-0.0083
13.04.2001,0.0028
16.04.2001,0.0033
17.04.2001,-0.0085
18.04.2001,-0.0076
19.04.2001,-0.0127
20.04.2001,0.0074
23.04.2001,-0.004
24.04.2001,0.0077
25.04.2001,-0.0019
26.04.2001,0.0029
27.04.2001,0.0068
30.04.2001,-0.0017
01.05.2001,-0.0106
02.05.2001,-0.004
03.05.2001,-0.0009
04.05.2001,-0.0012
07.05.2001,0.0041
08.05.2001,0.0024
09.05.2001,0.0066
10.05.2001,0.0067
11.05.2001,0.0061
14.05.2001,0.0082
15.05.2001,-0.0041
16.05.2001,0
17.05.2001,-0.0068
18.05.2001,0.0016
21.05.2001,0.0029
22.05.2001,0.0002
23.05.2001,-0.009
24.05.2001,-0.0028
25.05.2001,0.0053
28.05.2001,0.0017
29.05.2001,0.0009
30.05.2001,0.0025
31.05.2001,-0.011
01.06.2001,-0.0099
04.06.2001,0.0029
05.06.2001,-0.0038
06.06.2001,0.0046
07.06.2001,0.0014
08.06.2001,0.003
11.06.2001,0.009
12.06.2001,0.0024
13.06.2001,0.0026
14.06.2001,0.0035
15.06.2001,0.0153
18.06.2001,0.0036
19.06.2001,0.0031
20.06.2001,0.0058
21.06.2001,-0.0028
22.06.2001,0.0045
25.06.2001,0.0031
26.06.2001,0.0009
27.06.2001,0.0034
28.06.2001,0.003
29.06.2001,-0.0021
02.07.2001,-0.0046
03.07.2001,0.0046
04.07.2001,0.0007
05.07.2001,0.0077
06.07.2001,0.0026
09.07.2001,-0.0019
10.07.2001,0.0024
11.07.2001,-0.005
12.07.2001,-0.0055
13.07.2001,0.0118
16.07.2001,0.0087
17.07.2001,0.001
18.07.2001,0.0053
19.07.2001,0.0061
20.07.2001,0.0069
23.07.2001,0.0047
24.07.2001,0.0002
25.07.2001,-0.003
26.07.2001,0.0001
27.07.2001,0.0017
30.07.2001,0.0084
31.07.2001,-0.0035
01.08.2001,0.0005
02.08.2001,-0.0069
03.08.2001,0.0038
06.08.2001,0.004
07.08.2001,0.0079
08.08.2001,0.0053
09.08.2001,-0.0002
10.08.2001,0.0037
13.08.2001,0.0002
14.08.2001,-0.0049
15.08.2001,-0.0049
16.08.2001,0.0022
17.08.2001,0.0019
20.08.2001,0.002
21.08.2001,-0.0052
22.08.2001,0.004
23.08.2001,-0.0046
24.08.2001,-0.003
27.08.2001,-0.0032
28.08.2001,0.0013
29.08.2001,-0.0005
30.08.2001,0.0168
31.08.2001,-0.0018
03.09.2001,0.0039
04.09.2001,-0.0117
05.09.2001,0.0093
06.09.2001,0.0153
07.09.2001,0.0105
10.09.2001,0.0027
11.09.2001,0.0142
12.09.2001,0.0023
13.09.2001,0.0017
14.09.2001,0.006
17.09.2001,-0.002
18.09.2001,0.0028
19.09.2001,0.0071
20.09.2001,0.0077
21.09.2001,0.0102
24.09.2001,-0.0046
25.09.2001,0.007
26.09.2001,0.0106
27.09.2001,0.0083
28.09.2001,0.0035
01.10.2001,0.0127
02.10.2001,0.0033
03.10.2001,-0.0008
04.10.2001,-0.0066
05.10.2001,0.0034
08.10.2001,0.0047
09.10.2001,0.0002
10.10.2001,-0.0055
11.10.2001,-0.0084
12.10.2001,0.0029
15.10.2001,0.0048
16.10.2001,-0.0025
17.10.2001,0.0019
18.10.2001,0.0034
19.10.2001,0.0015
22.10.2001,0.0016
23.10.2001,-0.004
24.10.2001,0.0004
25.10.2001,0.0021
26.10.2001,-0.0082
29.10.2001,-0.0007
30.10.2001,0.0096
31.10.2001,-0.0005
01.11.2001,0
02.11.2001,-0.0064
05.11.2001,-0.0007
06.11.2001,0.0005
07.11.2001,0.0004
08.11.2001,-0.0053
09.11.2001,0.0014
12.11.2001,-0.0003
13.11.2001,-0.0043
14.11.2001,-0.008
15.11.2001,-0.005
16.11.2001,-0.0123
19.11.2001,0.0005
20.11.2001,-0.0029
21.11.2001,-0.0051
22.11.2001,0.0023
23.11.2001,0.0001
26.11.2001,-0.0045
27.11.2001,0.0004
28.11.2001,0.0034
29.11.2001,0.0085
30.11.2001,-0.0105
03.12.2001,-0.0013
04.12.2001,0.0026
05.12.2001,-0.0061
06.12.2001,-0.0021
07.12.2001,-0.002
10.12.2001,0.0054
11.12.2001,-0.0008
12.12.2001,0.002
13.12.2001,0.0006
14.12.2001,-0.001
17.12.2001,-0.0006
18.12.2001,0.0015
19.12.2001,0.0039
20.12.2001,0.0003
21.12.2001,-0.0097
24.12.2001,-0.0018
25.12.2001,0.0014
26.12.2001,0.0019
27.12.2001,0.0043
28.12.2001,0.002
31.12.2001,0.0047
01.01.2002,-0.0001
02.01.2002,0.0015
03.01.2002,0.0001
04.01.2002,-0.0031
07.01.2002,0.0026
08.01.2002,0.0033
09.01.2002,0.002
10.01.2002,-0.0001
11.01.2002,0.0015
14.01.2002,0.0006
15.01.2002,-0.0061
16.01.2002,0.0054
17.01.2002,-0.0015
18.01.2002,0.0046
21.01.2002,0.0019
22.01.2002,0.0099
23.01.2002,-0.0006
24.01.2002,-0.0057
25.01.2002,0.0001
28.01.2002,-0.0037
29.01.2002,0.0038
30.01.2002,0.002
31.01.2002,-0.0003
01.02.2002,-0.0057
04.02.2002,0.0036
05.02.2002,0.0112
06.02.2002,0.001
07.02.2002,-0.0029
08.02.2002,0.0055
11.02.2002,-0.01
12.02.2002,-0.0088
13.02.2002,0.0002
14.02.2002,-0.0063
15.02.2002,0.0046
18.02.2002,0.0015
19.02.2002,0.0025
20.02.2002,-0.0023
21.02.2002,-0.0066
22.02.2002,0.0034
25.02.2002,0.003
26.02.2002,-0.001
27.02.2002,0.0059
28.02.2002,-0.001
01.03.2002,-0.0054
04.03.2002,-0.0069
05.03.2002,-0.0014
06.03.2002,-0.0097
07.03.2002,-0.0221
08.03.2002,0.0016
11.03.2002,-0.0052
12.03.2002,0.0073
13.03.2002,0.0064
14.03.2002,-0.007
15.03.2002,-0.0063
18.03.2002,0.0022
19.03.2002,-0.0009
20.03.2002,-0.0023
21.03.2002,-0.002
22.03.2002,0
25.03.2002,-0.0112
26.03.2002,0.0021
27.03.2002,0.0097
28.03.2002,0.0048
29.03.2002,-0.0006
01.04.2002,0.0054
02.04.2002,0.0115
03.04.2002,-0.0057
04.04.2002,-0.0024
05.04.2002,0.0034
08.04.2002,-0.0036
09.04.2002,-0.0012
10.04.2002,-0.0012
11.04.2002,0.0018
12.04.2002,-0.0011
15.04.2002,-0.0028
16.04.2002,-0.0039
17.04.2002,0.0068
18.04.2002,-0.0004
19.04.2002,0.0012
22.04.2002,0.0054
23.04.2002,-0.0011
24.04.2002,0.0001
25.04.2002,-0.0048
26.04.2002,0.0009
29.04.2002,-0.0015
30.04.2002,0.0024
01.05.2002,-0.0061
02.05.2002,-0.0015
03.05.2002,-0.0006
06.05.2002,-0.0069
07.05.2002,0.0007
08.05.2002,-0.0057
09.05.2002,0.0072
10.05.2002,0.0006
13.05.2002,-0.0024
14.05.2002,-0.0035
15.05.2002,-0.0135
16.05.2002,0.0076
17.05.2002,-0.0013
20.05.2002,0.001
21.05.2002,0.0083
22.05.2002,0.0043
23.05.2002,-0.0037
24.05.2002,0.0027
27.05.2002,-0.0015
28.05.2002,0.0061
29.05.2002,0.0065
30.05.2002,0.0032
31.05.2002,-0.0007
03.06.2002,0.0047
04.06.2002,0.0053
05.06.2002,-0.0053
06.06.2002,0.0041
07.06.2002,0.0023
10.06.2002,-0.0158
11.06.2002,0.0066
12.06.2002,0.0109
13.06.2002,-0.0069
14.06.2002,0.002
17.06.2002,-0.006
18.06.2002,0.0041
19.06.2002,0.0108
20.06.2002,0.0127
21.06.2002,0.0126
24.06.2002,-0.0034
25.06.2002,0.0046
26.06.2002,-0.0011
27.06.2002,-0.0086
28.06.2002,0.003
01.07.2002,-0.0047
02.07.2002,0.0059
03.07.2002,-0.0008
04.07.2002,-0.0017
05.07.2002,-0.0081
08.07.2002,0.01
09.07.2002,0.0122
10.07.2002,0.0055
11.07.2002,0
12.07.2002,-0.0031
15.07.2002,0.0129
16.07.2002,-0.001
17.07.2002,-0.0065
18.07.2002,0.0002
19.07.2002,0.0135
22.07.2002,0.0075
23.07.2002,-0.0145
24.07.2002,0.0021
25.07.2002,-0.0016
26.07.2002,-0.0127
29.07.2002,0.0138
30.07.2002,0.0178
31.07.2002,-0.0036
01.08.2002,-0.0095
02.08.2002,0.0003
05.08.2002,-0.0049
06.08.2002,-0.014
07.08.2002,-0.001
08.08.2002,-0.0216
09.08.2002,0.0203
12.08.2002,0.0148
13.08.2002,0.0047
14.08.2002,0.0083
15.08.2002,0.0001
16.08.2002,-0.0058
19.08.2002,-0.0076
20.08.2002,0.0007
21.08.2002,-0.0003
22.08.2002,-0.0046
23.08.2002,0.0027
26.08.2002,-0.0145
27.08.2002,-0.0197
28.08.2002,0.0243
29.08.2002,0.0025
30.08.2002,0.0057
02.09.2002,0.0031
03.09.2002,0.0066
04.09.2002,0.0034
05.09.2002,0.006
06.09.2002,0.0025
09.09.2002,-0.0013
10.09.2002,-0.004
11.09.2002,-0.0029
12.09.2002,0.0036
13.09.2002,-0.0026
16.09.2002,0.0079
17.09.2002,0.001
18.09.2002,0.011
19.09.2002,0.0117
20.09.2002,-0.0043
23.09.2002,0.0136
24.09.2002,0.0153
25.09.2002,-0.0048
26.09.2002,0.0014
27.09.2002,0.0092
30.09.2002,0.0025
01.10.2002,-0.0049
02.10.2002,-0.001
03.10.2002,0.0015
04.10.2002,-0.0015
07.10.2002,0.0164
08.10.2002,0.0013
09.10.2002,0.011
10.10.2002,0.0017
11.10.2002,-0.0118
14.10.2002,0.006
15.10.2002,-0.0092
16.10.2002,-0.0047
17.10.2002,-0.0095
18.10.2002,-0.0112
21.10.2002,-0.0012
22.10.2002,-0.0005
23.10.2002,0.002
24.10.2002,0.004
25.10.2002,-0.0063
28.10.2002,0.0019
29.10.2002,0.0072
30.10.2002,-0.0066
31.10.2002,-0.0012
01.11.2002,0.0012
04.11.2002,-0.0031
05.11.2002,-0.0042
06.11.2002,0.0125
07.11.2002,0.0044
08.11.2002,-0.0019
11.11.2002,0.0069
12.11.2002,0.0025
13.11.2002,0.0032
14.11.2002,0.0036
15.11.2002,0.0042
18.11.2002,-0.0081
19.11.2002,0.0051
20.11.2002,-0.0005
21.11.2002,-0.0023
22.11.2002,0.0045
25.11.2002,-0.002
26.11.2002,0.0036
27.11.2002,-0.0051
28.11.2002,0.0012
29.11.2002,0.0052
02.12.2002,-0.0026
03.12.2002,-0.0037
04.12.2002,0.0113
05.12.2002,0.0123
06.12.2002,-0.0101
09.12.2002,-0.0009
10.12.2002,0.0048
11.12.2002,-0.0023
12.12.2002,0.0053
13.12.2002,0.001
16.12.2002,-0.0065
17.12.2002,0.0021
18.12.2002,-0.0053
19.12.2002,0.0091
20.12.2002,0.0001
23.12.2002,0.0002
24.12.2002,-0.0002
25.12.2002,0.0003
26.12.2002,-0.0002
27.12.2002,0.002
30.12.2002,-0.0015
31.12.2002,-0.0016
01.01.2003,0
02.01.2003,-0.002
03.01.2003,0.0013
06.01.2003,-0.0011
07.01.2003,-0.0042
08.01.2003,-0.0006
09.01.2003,0.0017
10.01.2003,0.0047
13.01.2003,0.0008
14.01.2003,-0.0043
15.01.2003,0.0055
16.01.2003,0.0071
17.01.2003,0.0099
20.01.2003,-0.0001
21.01.2003,0.0007
22.01.2003,0.0084
23.01.2003,0.0066
24.01.2003,0.0123
27.01.2003,0.0066
28.01.2003,0.0016
29.01.2003,0.0105
30.01.2003,0.0002
31.01.2003,0.002
03.02.2003,-0.005
04.02.2003,0.0091
05.02.2003,-0.0035
06.02.2003,0.0032
07.02.2003,0.009
10.02.2003,-0.003
11.02.2003,-0.0015
12.02.2003,-0.0037
13.02.2003,0.001
14.02.2003,0.0005
17.02.2003,-0.0071
18.02.2003,-0.0045
19.02.2003,0.0109
20.02.2003,-0.0008
21.02.2003,0.0031
24.02.2003,0.0321
25.02.2003,0.0001
26.02.2003,0.0106
27.02.2003,-0.0011
28.02.2003,0.005
03.03.2003,-0.0056
04.03.2003,-0.0007
05.03.2003,0.0065
06.03.2003,0.0016
07.03.2003,0.0041
10.03.2003,-0.0036
11.03.2003,-0.0097
12.03.2003,-0.002
13.03.2003,-0.0119
14.03.2003,-0.0029
17.03.2003,-0.0036
18.03.2003,-0.0106
19.03.2003,-0.0082
20.03.2003,0.0022
21.03.2003,-0.002
24.03.2003,0.0119
25.03.2003,0.0075
26.03.2003,-0.0002
27.03.2003,0
28.03.2003,0.0061
31.03.2003,0.0074
01.04.2003,0.0024
02.04.2003,-0.0002
03.04.2003,0.001
04.04.2003,-0.0019
07.04.2003,-0.0033
08.04.2003,0.0044
09.04.2003,0.0033
10.04.2003,-0.0002
11.04.2003,0.0051
14.04.2003,0.0018
15.04.2003,0.0102
16.04.2003,0.0065
17.04.2003,0.0034
18.04.2003,-0.0008
21.04.2003,-0.0025
22.04.2003,0.0001
23.04.2003,0.0054
24.04.2003,-0.0018
25.04.2003,0.0029
28.04.2003,0.007
29.04.2003,0.0035
30.04.2003,0.0023
01.05.2003,0.006
02.05.2003,-0.0021
05.05.2003,-0.0026
06.05.2003,0.0006
07.05.2003,-0.0042
08.05.2003,0.0074
09.05.2003,0.0041
12.05.2003,-0.0016
13.05.2003,-0.0009
14.05.2003,-0.0026
15.05.2003,-0.014
16.05.2003,0.0127
19.05.2003,-0.0045
20.05.2003,0.0032
21.05.2003,-0.0035
22.05.2003,0.0018
23.05.2003,0.0004
26.05.2003,-0.0062
27.05.2003,-0.0063
28.05.2003,0.0005
29.05.2003,0.0099
30.05.2003,-0.003
02.06.2003,0.0011
03.06.2003,0.0075
04.06.2003,0.0036
05.06.2003,0.0096
06.06.2003,-0.0094
09.06.2003,0.0003
10.06.2003,-0.0008
11.06.2003,0.0068
12.06.2003,-0.002
13.06.2003,0.0119
16.06.2003,-0.002
17.06.2003,0.0002
18.06.2003,-0.005
19.06.2003,-0.0006
20.06.2003,-0.0105
23.06.2003,0.0028
24.06.2003,0.0008
25.06.2003,0.0026
26.06.2003,-0.0129
27.06.2003,0.003
30.06.2003,0.0029
01.07.2003,0.0083
02.07.2003,0.0059
03.07.2003,0.0004
04.07.2003,-0.0007
07.07.2003,-0.0067
08.07.2003,-0.0208
09.07.2003,-0.002
10.07.2003,0.0022
11.07.2003,0.0058
14.07.2003,0.0063
15.07.2003,-0.0136
16.07.2003,0.0051
17.07.2003,-0.0114
18.07.2003,-0.0072
21.07.2003,0.0028
22.07.2003,0.0002
23.07.2003,0.001
24.07.2003,0.0112
25.07.2003,0.003
28.07.2003,-0.0031
29.07.2003,-0.0174
30.07.2003,-0.0137
31.07.2003,-0.0089
01.08.2003,-0.0102
04.08.2003,-0.0092
05.08.2003,0.0039
06.08.2003,-0.0028
07.08.2003,0.0005
08.08.2003,0.0016
11.08.2003,0.0028
12.08.2003,-0.0005
13.08.2003,0.0017
14.08.2003,-0.0007
15.08.2003,0.0057
18.08.2003,-0.0027
19.08.2003,-0.0009
20.08.2003,0.0002
21.08.2003,-0.0078
22.08.2003,-0.0075
25.08.2003,-0.0093
26.08.2003,-0.0149
27.08.2003,0.0047
28.08.2003,0.0024
29.08.2003,0.0079
01.09.2003,0.0034
02.09.2003,-0.0032
03.09.2003,0.0097
04.09.2003,0.0051
05.09.2003,0.0094
08.09.2003,0.0026
09.09.2003,0.0041
10.09.2003,-0.0044
11.09.2003,0.002
12.09.2003,-0.0014
15.09.2003,0.0064
16.09.2003,-0.0055
17.09.2003,0.0023
18.09.2003,0.0072
19.09.2003,0.0047
22.09.2003,0.0055
23.09.2003,-0.0044
24.09.2003,0.0016
25.09.2003,-0.0061
26.09.2003,-0.0077
29.09.2003,0.002
30.09.2003,0.0092
01.10.2003,0.0106
02.10.2003,0.0101
03.10.2003,-0.0143
06.10.2003,0.0168
07.10.2003,0.0109
08.10.2003,0.0054
09.10.2003,0.0011
10.10.2003,0.014
13.10.2003,0.0017
14.10.2003,-0.0025
15.10.2003,-0.0063
16.10.2003,-0.0026
17.10.2003,0.0035
20.10.2003,0.0006
21.10.2003,0.0058
22.10.2003,0.0052
23.10.2003,-0.0078
24.10.2003,0.0001
27.10.2003,0.0045
28.10.2003,0.0076
29.10.2003,0.0051
30.10.2003,-0.0045
31.10.2003,-0.0047
03.11.2003,-0.0003
04.11.2003,0.0034
05.11.2003,0.0059
06.11.2003,-0.0118
07.11.2003,0.008
10.11.2003,0.0033
11.11.2003,-0.0073
12.11.2003,0.0009
13.11.2003,0.0038
14.11.2003,-0.0031
17.11.2003,-0.0109
18.11.2003,0.0111
19.11.2003,-0.0094
20.11.2003,0.0013
21.11.2003,0.0036
24.11.2003,-0.0089
25.11.2003,0.0033
26.11.2003,0.0084
27.11.2003,-0.0016
28.11.2003,0.0056
01.12.2003,0.01
02.12.2003,0.0061
03.12.2003,-0.001
04.12.2003,-0.0061
05.12.2003,0.0006
08.12.2003,0.0046
09.12.2003,0
10.12.2003,-0.0011
11.12.2003,0.0015
12.12.2003,0.008
15.12.2003,0.0071
16.12.2003,-0.0058
17.12.2003,0.0006
18.12.2003,-0.0002
19.12.2003,0.0011
22.12.2003,-0.0085
23.12.2003,0.002
24.12.2003,0.0112
25.12.2003,0.001
26.12.2003,0.0049
29.12.2003,0.0115
30.12.2003,-0.0015
31.12.2003,0.0034
01.01.2004,-0.0001
02.01.2004,0.016
05.01.2004,0.0335
06.01.2004,0.004
07.01.2004,-0.0046
08.01.2004,0.0115
09.01.2004,0.0128
12.01.2004,0.011
13.01.2004,0.0005
14.01.2004,-0.0048
15.01.2004,-0.0121
16.01.2004,-0.0103
19.01.2004,-0.0068
20.01.2004,0.0167
21.01.2004,0.0101
22.01.2004,0.0073
23.01.2004,-0.0064
26.01.2004,-0.0032
27.01.2004,0.0024
28.01.2004,-0.0172
29.01.2004,-0.0236
30.01.2004,0.0074
02.02.2004,-0.0081
03.02.2004,0.0091
04.02.2004,-0.0007
05.02.2004,0.0027
06.02.2004,0.0133
09.02.2004,0.011
10.02.2004,0.0049
11.02.2004,0.01
12.02.2004,0.0019
13.02.2004,-0.0009
16.02.2004,0.0051
17.02.2004,0.0104
18.02.2004,-0.007
19.02.2004,0.0049
20.02.2004,-0.018
23.02.2004,-0.0006
24.02.2004,0.0092
25.02.2004,-0.0058
26.02.2004,0.0017
27.02.2004,0.0111
01.03.2004,0.0116
02.03.2004,-0.0133
03.03.2004,-0.01
04.03.2004,0.0042
05.03.2004,0.0097
08.03.2004,-0.0036
09.03.2004,-0.0019
10.03.2004,-0.0067
11.03.2004,-0.0123
12.03.2004,0.0002
15.03.2004,-0.0016
16.03.2004,0.0046
17.03.2004,0.0066
18.03.2004,0.0011
19.03.2004,0.0014
22.03.2004,-0.002
23.03.2004,0.004
24.03.2004,-0.0052
25.03.2004,-0.0029
26.03.2004,-0.0035
29.03.2004,0.0017
30.03.2004,0.0053
31.03.2004,0.0028
01.04.2004,0.0116
02.04.2004,-0.0035
05.04.2004,-0.005
06.04.2004,0.0008
07.04.2004,0.0078
08.04.2004,-0.0032
09.04.2004,-0.0003
12.04.2004,0.0013
13.04.2004,-0.0137
14.04.2004,-0.0131
15.04.2004,-0.0113
16.04.2004,0.0043
19.04.2004,0.0102
20.04.2004,-0.0135
21.04.2004,-0.0235
22.04.2004,-0.0091
23.04.2004,0.0017
26.04.2004,-0.0022
27.04.2004,0.0068
28.04.2004,-0.0152
29.04.2004,-0.0084
30.04.2004,0.0064
03.05.2004,-0.001
04.05.2004,0.0032
05.05.2004,0.0037
06.05.2004,-0.0056
07.05.2004,-0.0036
10.05.2004,-0.014
11.05.2004,0.0024
12.05.2004,-0.0057
13.05.2004,-0.0004
14.05.2004,-0.0038
17.05.2004,-0.009
18.05.2004,-0.0011
19.05.2004,0.0069
20.05.2004,-0.0071
21.05.2004,0.0017
24.05.2004,0.0043
25.05.2004,-0.0072
26.05.2004,-0.0036
27.05.2004,-0.0028
28.05.2004,-0.0011
31.05.2004,-0.0011
01.06.2004,0.0044
02.06.2004,-0.0005
03.06.2004,0.0037
04.06.2004,-0.0022
07.06.2004,-0.0025
08.06.2004,-0.0076
09.06.2004,0.0016
10.06.2004,0.0019
11.06.2004,0.0008
14.06.2004,-0.0068
15.06.2004,0.002
16.06.2004,-0.0002
17.06.2004,0.0004
18.06.2004,-0.0027
21.06.2004,-0.0008
22.06.2004,0.0006
23.06.2004,-0.0006
24.06.2004,-0.0044
25.06.2004,-0.0013
28.06.2004,-0.0007
29.06.2004,0.0025
30.06.2004,0.0055
01.07.2004,0.0048
02.07.2004,0.0061
05.07.2004,0.001
06.07.2004,0.001
07.07.2004,-0.0055
08.07.2004,-0.0007
09.07.2004,0.0026
12.07.2004,0.0039
13.07.2004,-0.008
14.07.2004,-0.004
15.07.2004,-0.0064
16.07.2004,0.0054
19.07.2004,0.0035
20.07.2004,-0.0043
21.07.2004,-0.0085
22.07.2004,0.0083
23.07.2004,-0.0073
26.07.2004,0.0055
27.07.2004,-0.0044
28.07.2004,0.004
29.07.2004,0.0048
30.07.2004,0.0029
02.08.2004,0.002
03.08.2004,-0.003
04.08.2004,0.0022
05.08.2004,-0.0021
06.08.2004,0.0095
09.08.2004,0.0013
10.08.2004,0
11.08.2004,0.0001
12.08.2004,-0.0028
13.08.2004,0.0146
16.08.2004,-0.006
17.08.2004,-0.0061
18.08.2004,-0.0033
19.08.2004,-0.0046
20.08.2004,-0.0037
23.08.2004,-0.0132
24.08.2004,-0.0005
25.08.2004,-0.0007
26.08.2004,0.0023
27.08.2004,0.0042
30.08.2004,-0.0048
31.08.2004,0.0017
01.09.2004,-0.0026
02.09.2004,0.0008
03.09.2004,0.0019
06.09.2004,-0.0012
07.09.2004,0.0027
08.09.2004,0.001
09.09.2004,0.0029
10.09.2004,0.0009
13.09.2004,-0.0043
14.09.2004,0.0033
15.09.2004,0.0006
16.09.2004,0.0035
17.09.2004,0.005
20.09.2004,0.0024
21.09.2004,0.0029
22.09.2004,0.0053
23.09.2004,-0.0007
24.09.2004,0.0034
27.09.2004,-0.001
28.09.2004,0.0092
29.09.2004,0.0007
30.09.2004,0.0025
01.10.2004,0.0067
04.10.2004,0.0066
05.10.2004,0
06.10.2004,-0.0015
07.10.2004,-0.0043
08.10.2004,0.0109
11.10.2004,0.0059
12.10.2004,0.0015
13.10.2004,-0.0149
14.10.2004,-0.0116
15.10.2004,0.007
18.10.2004,-0.0025
19.10.2004,-0.0071
20.10.2004,0.0046
21.10.2004,0.0091
22.10.2004,0.0011
25.10.2004,-0.0091
26.10.2004,0.0073
27.10.2004,-0.0051
28.10.2004,-0.0027
29.10.2004,0.0083
01.11.2004,-0.0013
02.11.2004,-0.0018
03.11.2004,0.0162
04.11.2004,0.0051
05.11.2004,0.0028
08.11.2004,-0.009
09.11.2004,0.0033
10.11.2004,-0.0034
11.11.2004,0.0059
12.11.2004,0.0202
15.11.2004,0.001
16.11.2004,0.002
17.11.2004,0.0134
18.11.2004,-0.0008
19.11.2004,-0.0027
22.11.2004,0.0051
23.11.2004,0.0079
24.11.2004,0.0073
25.11.2004,0.0073
26.11.2004,0.0063
29.11.2004,-0.0021
30.11.2004,0.004
01.12.2004,0.0072
02.12.2004,-0.0039
03.12.2004,0.0059
06.12.2004,-0.0077
07.12.2004,-0.0062
08.12.2004,-0.0152
09.12.2004,-0.0067
10.12.2004,-0.0082
13.12.2004,0.0067
14.12.2004,0.0037
15.12.2004,0.0189
16.12.2004,-0.0013
17.12.2004,0.0088
20.12.2004,0.0097
21.12.2004,-0.0033
22.12.2004,-0.0009
23.12.2004,0.0036
24.12.2004,0.0013
27.12.2004,0.005
28.12.2004,-0.0011
29.12.2004,0.0073
30.12.2004,0.007
31.12.2004,0.0035
03.01.2005,-0.0027
04.01.2005,-0.0164
05.01.2005,-0.017
06.01.2005,-0.0183
07.01.2005,0.0013
10.01.2005,0.003
11.01.2005,0.0058
12.01.2005,0.0163
13.01.2005,-0.0013
14.01.2005,0.0007
17.01.2005,0.008
18.01.2005,-0.0024
19.01.2005,-0.0013
20.01.2005,-0.0076
21.01.2005,0.018
24.01.2005,0.0021
25.01.2005,0.0006
26.01.2005,0.0125
27.01.2005,0.0042
28.01.2005,0.009
31.01.2005,0.016
01.02.2005,0.0027
02.02.2005,-0.0054
03.02.2005,0.0046
04.02.2005,0.0004
07.02.2005,0.0029
08.02.2005,-0.0007
09.02.2005,0.0008
10.02.2005,-0.0082
11.02.2005,0.0012
14.02.2005,0.0068
15.02.2005,0.0011
16.02.2005,0.0001
17.02.2005,0.0001
18.02.2005,-0.0033
21.02.2005,0.0022
22.02.2005,-0.0062
23.02.2005,0.0013
24.02.2005,-0.011
25.02.2005,0.0018
28.02.2005,0.0067
01.03.2005,-0.006
02.03.2005,-0.0074
03.03.2005,-0.0092
04.03.2005,0.0014
07.03.2005,0.0028
08.03.2005,0.0021
09.03.2005,-0.0032
10.03.2005,-0.0029
11.03.2005,0.0017
14.03.2005,-0.0065
15.03.2005,-0.0072
16.03.2005,0.0004
17.03.2005,0.0076
18.03.2005,0.0008
21.03.2005,-0.008
22.03.2005,-0.0028
23.03.2005,-0.0224
24.03.2005,-0.0038
25.03.2005,0.0011
28.03.2005,0.0017
29.03.2005,0.0031
30.03.2005,-0.0005
31.03.2005,0.0133
01.04.2005,0.008
04.04.2005,0.0023
05.04.2005,0.0045
06.04.2005,0.0078
07.04.2005,-0.0031
08.04.2005,-0.0001
11.04.2005,-0.0019
12.04.2005,-0.0006
13.04.2005,0.0023
14.04.2005,0
15.04.2005,-0.0111
18.04.2005,-0.0082
19.04.2005,0.0135
20.04.2005,0.009
21.04.2005,-0.0017
22.04.2005,0.0094
25.04.2005,-0.0004
26.04.2005,-0.0015
27.04.2005,0.0009
28.04.2005,0.0006
29.04.2005,0.0039
02.05.2005,0.0016
03.05.2005,0.0001
04.05.2005,0.003
05.05.2005,0.0004
06.05.2005,-0.0011
09.05.2005,-0.0018
10.05.2005,0
11.05.2005,0.0071
12.05.2005,0.0003
13.05.2005,-0.0001
16.05.2005,-0.0118
17.05.2005,0.0002
18.05.2005,0.0031
19.05.2005,0.0028
20.05.2005,0.0015
23.05.2005,0.0029
24.05.2005,0.0038
25.05.2005,0.0063
26.05.2005,0.0006
27.05.2005,-0.0001
30.05.2005,0.0035
31.05.2005,-0.0069
01.06.2005,-0.004
02.06.2005,0.0048
03.06.2005,0.0017
06.06.2005,-0.0013
07.06.2005,0.0046
08.06.2005,0.0024
09.06.2005,-0.005
10.06.2005,-0.0013
13.06.2005,0.0077
14.06.2005,0.0005
15.06.2005,-0.0017
16.06.2005,0.0061
17.06.2005,0.0104
20.06.2005,0.0008
21.06.2005,0.0092
22.06.2005,0.0036
23.06.2005,-0.002
24.06.2005,0.0076
27.06.2005,-0.003
28.06.2005,0.0019
29.06.2005,0.0039
30.06.2005,0.0071
01.07.2005,-0.0029
04.07.2005,-0.0045
05.07.2005,-0.0029
06.07.2005,-0.0037
07.07.2005,0.0032
08.07.2005,0.0041
11.07.2005,0.0027
12.07.2005,-0.0025
13.07.2005,-0.0045
14.07.2005,0.0039
15.07.2005,0.0087
18.07.2005,-0.0051
19.07.2005,-0.0032
20.07.2005,-0.0043
21.07.2005,-0.0134
22.07.2005,-0.0039
25.07.2005,-0.0175
26.07.2005,0.0051
27.07.2005,0
28.07.2005,0.0001
29.07.2005,0.0064
01.08.2005,0.0045
02.08.2005,0.0038
03.08.2005,0.0089
04.08.2005,0.0052
05.08.2005,-0.0034
08.08.2005,0.0011
09.08.2005,0.0052
10.08.2005,0.0086
11.08.2005,-0.0047
12.08.2005,-0.0014
15.08.2005,-0.0005
16.08.2005,-0.0098
17.08.2005,-0.0071
18.08.2005,-0.0102
19.08.2005,-0.0087
22.08.2005,0.0126
23.08.2005,-0.0058
24.08.2005,-0.0029
25.08.2005,0.0055
26.08.2005,-0.0035
29.08.2005,0.0019
30.08.2005,0.0094
31.08.2005,0.0081
01.09.2005,0.0039
02.09.2005,0.0026
05.09.2005,-0.0026
06.09.2005,0.0035
07.09.2005,0
08.09.2005,0.002
09.09.2005,0.0046
12.09.2005,-0.0039
13.09.2005,-0.0003
14.09.2005,0.0038
15.09.2005,0.0104
16.09.2005,0.0026
19.09.2005,0.0034
20.09.2005,0.006
21.09.2005,0.0018
22.09.2005,-0.0005
23.09.2005,-0.0004
26.09.2005,0.0071
27.09.2005,0.006
28.09.2005,0.009
29.09.2005,0.0036
30.09.2005,-0.0011
03.10.2005,0.0054
04.10.2005,-0.002
05.10.2005,-0.0125
06.10.2005,-0.0284
07.10.2005,0.0175
10.10.2005,0.0058
11.10.2005,0.0158
12.10.2005,-0.006
13.10.2005,-0.0105
14.10.2005,-0.0044
17.10.2005,0.0092
18.10.2005,0.0101
19.10.2005,-0.014
20.10.2005,0.0053
21.10.2005,-0.0017
24.10.2005,-0.0022
25.10.2005,0.0048
26.10.2005,-0.0003
27.10.2005,-0.0009
28.10.2005,0.0044
31.10.2005,0.0121
01.11.2005,0.0023
02.11.2005,0.0002
03.11.2005,0.0126
04.11.2005,0.0146
07.11.2005,0.0025
08.11.2005,0.0015
09.11.2005,0.0107
10.11.2005,0.0094
11.11.2005,0.0058
14.11.2005,-0.0053
15.11.2005,0.0018
16.11.2005,0.004
17.11.2005,0.0019
18.11.2005,0.0002
21.11.2005,0.001
22.11.2005,-0.0106
23.11.2005,0.0062
24.11.2005,0.0005
25.11.2005,0.0069
28.11.2005,0.0086
29.11.2005,0.0056
30.11.2005,-0.0053
01.12.2005,0.0111
02.12.2005,0.0099
05.12.2005,0.0073
06.12.2005,0.0074
07.12.2005,0.0012
08.12.2005,-0.0135
09.12.2005,-0.0071
12.12.2005,0.0039
13.12.2005,-0.0042
14.12.2005,-0.0219
15.12.2005,-0.0118
16.12.2005,-0.0056
19.12.2005,-0.0027
20.12.2005,0.0052
21.12.2005,0.0056
22.12.2005,-0.0058
23.12.2005,0.0026
26.12.2005,-0.0001
27.12.2005,0.0036
28.12.2005,0.0038
29.12.2005,0.0059
30.12.2005,-0.0031
02.01.2006,-0.0006
03.01.2006,-0.0111
04.01.2006,0.018
05.01.2006,0.0009
06.01.2006,0.0014
09.01.2006,0.004
10.01.2006,-0.0043
11.01.2006,-0.001
12.01.2006,0.0072
13.01.2006,0.0031
16.01.2006,0.006
17.01.2006,-0.004
18.01.2006,-0.0148
19.01.2006,0.0081
20.01.2006,0.0082
23.01.2006,0.0001
24.01.2006,0.0085
25.01.2006,0.005
26.01.2006,0.0096
27.01.2006,0.0097
30.01.2006,0.002
31.01.2006,0.0032
01.02.2006,0.0028
02.02.2006,0.0042
03.02.2006,0.0064
06.02.2006,0.0059
07.02.2006,-0.0131
08.02.2006,-0.0035
09.02.2006,0.0075
10.02.2006,-0.0075
13.02.2006,-0.0079
14.02.2006,0.0031
15.02.2006,-0.0041
16.02.2006,0.0047
17.02.2006,0.0003
20.02.2006,0.0036
21.02.2006,0.0005
22.02.2006,0.0057
23.02.2006,-0.0078
24.02.2006,0.0032
27.02.2006,-0.0052
28.02.2006,-0.0001
01.03.2006,0.0044
02.03.2006,0.0006
03.03.2006,0.0035
06.03.2006,-0.0068
07.03.2006,-0.0134
08.03.2006,-0.0111
09.03.2006,0.0075
10.03.2006,0.0111
13.03.2006,0.0019
14.03.2006,-0.0021
15.03.2006,0.0009
16.03.2006,0.0001
17.03.2006,-0.0005
20.03.2006,-0.0075
21.03.2006,-0.0037
22.03.2006,0.007
23.03.2006,-0.0023
24.03.2006,0.0039
27.03.2006,-0.0017
28.03.2006,0.0013
29.03.2006,-0.0004
30.03.2006,0.0151
31.03.2006,0.0081
03.04.2006,0.0138
04.04.2006,-0.0047
05.04.2006,-0.0005
06.04.2006,0.0092
07.04.2006,-0.0039
10.04.2006,0.0041
11.04.2006,0.0013
12.04.2006,-0.0037
13.04.2006,0.0002
14.04.2006,0.0029
17.04.2006,0.0007
18.04.2006,0.0062
19.04.2006,0.0065
20.04.2006,0
21.04.2006,0.0009
24.04.2006,-0.0013
25.04.2006,-0.0022
26.04.2006,0.0074
27.04.2006,0.0009
28.04.2006,0.0045
01.05.2006,0.0067
02.05.2006,0.0078
03.05.2006,-0.0048
04.05.2006,-0.0065
05.05.2006,0.0116
08.05.2006,0.0008
09.05.2006,0.0087
10.05.2006,0.003
11.05.2006,-0.0002
12.05.2006,-0.0142
15.05.2006,-0.027
16.05.2006,0.0041
17.05.2006,-0.0069
18.05.2006,-0.0086
19.05.2006,-0.0047
22.05.2006,-0.0223
23.05.2006,0.011
24.05.2006,-0.01
25.05.2006,-0.0042
26.05.2006,0.0063
29.05.2006,0.0005
30.05.2006,0.0029
31.05.2006,-0.0042
01.06.2006,-0.0088
02.06.2006,-0.0004
05.06.2006,0.0061
06.06.2006,-0.0048
07.06.2006,0.0046
08.06.2006,-0.0087
09.06.2006,-0.0011
12.06.2006,0.0042
13.06.2006,-0.0017
14.06.2006,-0.0048
15.06.2006,-0.0058
16.06.2006,-0.0032
19.06.2006,0.0024
20.06.2006,-0.0019
21.06.2006,-0.0059
22.06.2006,0.0035
23.06.2006,0.0001
26.06.2006,0.0007
27.06.2006,0.0024
28.06.2006,-0.0002
29.06.2006,-0.0078
30.06.2006,-0.0025
03.07.2006,-0.0016
04.07.2006,0.0014
05.07.2006,0.0086
06.07.2006,0.0053
07.07.2006,-0.0054
10.07.2006,-0.0019
11.07.2006,0.0055
12.07.2006,-0.0004
13.07.2006,-0.0022
14.07.2006,0
17.07.2006,-0.0056
18.07.2006,0.001
19.07.2006,-0.0128
20.07.2006,-0.0011
21.07.2006,-0.0021
24.07.2006,-0.0042
25.07.2006,-0.0013
26.07.2006,-0.0028
27.07.2006,-0.0012
28.07.2006,-0.0005
31.07.2006,0.0021
01.08.2006,-0.001
02.08.2006,0.0077
03.08.2006,-0.0021
04.08.2006,-0.0002
07.08.2006,0.0042
08.08.2006,-0.0022
09.08.2006,0.0106
10.08.2006,0.0018
11.08.2006,-0.0071
14.08.2006,-0.0009
15.08.2006,0.0038
16.08.2006,-0.0061
17.08.2006,-0.0082
18.08.2006,-0.0075
21.08.2006,0.0138
22.08.2006,0.0039
23.08.2006,-0.0013
24.08.2006,-0.0002
25.08.2006,0
28.08.2006,0.0025
29.08.2006,0.0007
30.08.2006,0.0031
31.08.2006,0.0027
01.09.2006,0.0024
04.09.2006,0.0043
05.09.2006,-0.0012
06.09.2006,-0.004
07.09.2006,-0.0027
08.09.2006,-0.0127
11.09.2006,-0.0146
12.09.2006,0.002
13.09.2006,-0.0064
14.09.2006,0.0037
15.09.2006,0.0017
18.09.2006,-0.0001
19.09.2006,-0.0045
20.09.2006,-0.0004
21.09.2006,-0.0058
22.09.2006,0.0029
25.09.2006,0.0004
26.09.2006,0.0025
27.09.2006,-0.0011
28.09.2006,-0.0031
29.09.2006,-0.0006
02.10.2006,0.0014
03.10.2006,0.0033
04.10.2006,-0.0036
05.10.2006,-0.0021
06.10.2006,0.0023
09.10.2006,-0.0064
10.10.2006,0.0039
11.10.2006,0.0051
12.10.2006,-0.0004
13.10.2006,0.007
16.10.2006,-0.0051
17.10.2006,-0.0068
18.10.2006,0.0075
19.10.2006,-0.0035
20.10.2006,0.001
23.10.2006,0.0004
24.10.2006,-0.003
25.10.2006,-0.004
26.10.2006,-0.0009
27.10.2006,0.0025
30.10.2006,-0.0058
31.10.2006,-0.004
01.11.2006,0.0067
02.11.2006,0.0035
03.11.2006,0.0038
06.11.2006,0.002
07.11.2006,0.0034
08.11.2006,-0.0054
09.11.2006,-0.004
10.11.2006,-0.0003
13.11.2006,-0.0033
14.11.2006,0.0053
15.11.2006,0.001
16.11.2006,0.0018
17.11.2006,-0.0026
20.11.2006,0.0049
21.11.2006,0.0019
22.11.2006,-0.0016
23.11.2006,-0.0007
24.11.2006,-0.001
27.11.2006,-0.0085
28.11.2006,-0.0008
29.11.2006,0.0026
30.11.2006,0.0058
01.12.2006,-0.0003
04.12.2006,-0.003
05.12.2006,-0.0011
06.12.2006,-0.0018
07.12.2006,0.0049
08.12.2006,-0.0047
11.12.2006,0.0056
12.12.2006,-0.0031
13.12.2006,0.0029
14.12.2006,0.0019
15.12.2006,-0.0048
18.12.2006,-0.0095
19.12.2006,-0.0031
20.12.2006,0.0101
21.12.2006,0.0029
22.12.2006,0.0122
25.12.2006,0.0001
26.12.2006,0.0125
27.12.2006,0.0023
28.12.2006,0.0074
29.12.2006,0.0008
01.01.2007,0
02.01.2007,0.0099
03.01.2007,-0.0055
04.01.2007,-0.0157
05.01.2007,-0.0155
08.01.2007,-0.0063
09.01.2007,-0.0014
10.01.2007,-0.0043
11.01.2007,0.0191
12.01.2007,0.0171
15.01.2007,0.0041
16.01.2007,0.0022
17.01.2007,0.0051
18.01.2007,0.0066
19.01.2007,-0.0032
22.01.2007,0.0006
23.01.2007,0.0044
24.01.2007,-0.0051
25.01.2007,0.0013
26.01.2007,-0.0059
29.01.2007,0.0038
30.01.2007,-0.0014
31.01.2007,-0.0014
01.02.2007,0.0101
02.02.2007,0.0106
05.02.2007,0.0012
06.02.2007,0.0039
07.02.2007,0.004
08.02.2007,-0.0031
09.02.2007,-0.0029
12.02.2007,-0.0008
13.02.2007,0.0004
14.02.2007,0.0065
15.02.2007,-0.0111
16.02.2007,0.0017
19.02.2007,0.0016
20.02.2007,0.0024
21.02.2007,0.0101
22.02.2007,0.0032
23.02.2007,-0.0041
26.02.2007,0.0077
27.02.2007,-0.038
28.02.2007,-0.0057
01.03.2007,-0.017
02.03.2007,-0.0136
05.03.2007,-0.0173
06.03.2007,0.0117
07.03.2007,0.0088
08.03.2007,0.0144
09.03.2007,0.0046
12.03.2007,0.0033
13.03.2007,-0.0059
14.03.2007,-0.0078
15.03.2007,0.0057
16.03.2007,-0.0037
19.03.2007,0.0054
20.03.2007,0.0015
21.03.2007,0.0036
22.03.2007,0.0046
23.03.2007,-0.0003
26.03.2007,0.0024
27.03.2007,-0.0029
28.03.2007,-0.0017
29.03.2007,0.0149
30.03.2007,-0.0013
02.04.2007,0.0001
03.04.2007,0.0098
04.04.2007,0.0055
05.04.2007,-0.0007
06.04.2007,0.0019
09.04.2007,0.0056
10.04.2007,0.0049
11.04.2007,0.0037
12.04.2007,-0.0004
13.04.2007,0.0116
16.04.2007,0.0027
17.04.2007,-0.0043
18.04.2007,-0.0029
19.04.2007,-0.0043
20.04.2007,0.0132
23.04.2007,-0.0007
24.04.2007,-0.0099
25.04.2007,0.0069
26.04.2007,-0.0044
27.04.2007,-0.0025
30.04.2007,-0.0028
01.05.2007,0.0011
02.05.2007,0.0072
03.05.2007,0.0022
04.05.2007,-0.0005
07.05.2007,0.0107
08.05.2007,0.0004
09.05.2007,0.0043
10.05.2007,-0.0027
11.05.2007,0.0036
14.05.2007,0.0166
15.05.2007,0.0158
16.05.2007,0.0125
17.05.2007,0.0028
18.05.2007,0.0002
21.05.2007,0.0054
22.05.2007,-0.0031
23.05.2007,0.0034
24.05.2007,-0.0062
25.05.2007,0.0013
28.05.2007,0.0027
29.05.2007,-0.0024
30.05.2007,0.0011
31.05.2007,0.012
01.06.2007,0.0198
04.06.2007,-0.0018
05.06.2007,0.0022
06.06.2007,-0.0083
07.06.2007,0.0051
08.06.2007,-0.0117
11.06.2007,0.0049
12.06.2007,0.0061
13.06.2007,0.0011
14.06.2007,0.0113
15.06.2007,0.0056
18.06.2007,0.0009
19.06.2007,-0.0032
20.06.2007,-0.0072
21.06.2007,0.007
22.06.2007,-0.0146
25.06.2007,-0.0032
26.06.2007,-0.0057
27.06.2007,-0.0029
28.06.2007,0.013
29.06.2007,-0.0011
02.07.2007,0.0077
03.07.2007,0.0026
04.07.2007,0.002
05.07.2007,0.004
06.07.2007,0.0053
09.07.2007,0.0007
10.07.2007,0.0006
11.07.2007,0.0006
12.07.2007,0.0106
13.07.2007,0.0034
16.07.2007,-0.0061
17.07.2007,0.0029
18.07.2007,0.0036
19.07.2007,0.0033
20.07.2007,0.0013
23.07.2007,0.001
24.07.2007,-0.0024
25.07.2007,-0.0049
26.07.2007,-0.0226
27.07.2007,-0.0048
30.07.2007,-0.0008
31.07.2007,0.0042
01.08.2007,-0.0098
02.08.2007,0.0079
03.08.2007,0.0003
06.08.2007,-0.0132
07.08.2007,-0.0148
08.08.2007,0.0008
09.08.2007,-0.0057
10.08.2007,-0.001
13.08.2007,-0.0005
14.08.2007,-0.0024
15.08.2007,-0.0068
16.08.2007,-0.0067
17.08.2007,-0.0032
20.08.2007,0.005
21.08.2007,0.0012
22.08.2007,-0.0056
23.08.2007,0.0016
24.08.2007,-0.0004
27.08.2007,-0.0015
28.08.2007,0.0048
29.08.2007,0.0006
30.08.2007,-0.0022
31.08.2007,-0.0078
03.09.2007,0.0002
04.09.2007,0.0036
05.09.2007,0.012
06.09.2007,0.0003
07.09.2007,0.0102
10.09.2007,0.0103
11.09.2007,0.0007
12.09.2007,-0.002
13.09.2007,-0.0033
14.09.2007,0.0035
17.09.2007,0.0044
18.09.2007,0.0022
19.09.2007,-0.016
20.09.2007,-0.0019
21.09.2007,0.0094
24.09.2007,0.0045
25.09.2007,0.0018
26.09.2007,0.0006
27.09.2007,0.0066
28.09.2007,0.0058
01.10.2007,0.0038
02.10.2007,-0.0137
03.10.2007,-0.0055
04.10.2007,0.0054
05.10.2007,-0.0006
08.10.2007,-0.0094
09.10.2007,0.0048
10.10.2007,0.0091
11.10.2007,0.0133
12.10.2007,0.0016
15.10.2007,-0.0024
16.10.2007,0
17.10.2007,-0.0037
18.10.2007,0.011
19.10.2007,-0.0025
22.10.2007,-0.0158
23.10.2007,0.0086
24.10.2007,-0.0039
25.10.2007,0.0095
26.10.2007,0.0171
29.10.2007,0.0148
30.10.2007,-0.0053
31.10.2007,0.0089
01.11.2007,0.0007
02.11.2007,0.0005
05.11.2007,-0.0011
06.11.2007,0.0122
07.11.2007,0.0012
08.11.2007,-0.0065
09.11.2007,0.0017
12.11.2007,-0.0182
13.11.2007,-0.0023
14.11.2007,0.0088
15.11.2007,0.0012
16.11.2007,0.0016
19.11.2007,0.0029
20.11.2007,-0.0028
21.11.2007,0.0087
22.11.2007,-0.0007
23.11.2007,-0.0059
26.11.2007,0.0007
27.11.2007,-0.0091
28.11.2007,-0.0084
29.11.2007,0.0033
30.11.2007,-0.0134
03.12.2007,0.0045
04.12.2007,0.0041
05.12.2007,-0.0039
06.12.2007,-0.0017
07.12.2007,0.0043
10.12.2007,-0.002
11.12.2007,0.007
12.12.2007,0.0018
13.12.2007,0.0003
14.12.2007,-0.0039
17.12.2007,-0.0029
18.12.2007,0.0006
19.12.2007,0.0085
20.12.2007,-0.004
21.12.2007,0.0026
24.12.2007,-0.0021
25.12.2007,-0.0006
26.12.2007,0.0065
27.12.2007,0.0046
28.12.2007,-0.0053
31.12.2007,-0.0042
01.01.2008,-0.0001
02.01.2008,0.0178
03.01.2008,0.0125
04.01.2008,0.0009
07.01.2008,-0.0043
08.01.2008,0.0059
09.01.2008,0.0005
10.01.2008,0.0051
11.01.2008,0.0179
14.01.2008,0.0103
15.01.2008,0.002
16.01.2008,-0.0036
17.01.2008,0.0088
18.01.2008,-0.0013
21.01.2008,0.0047
22.01.2008,0.0061
23.01.2008,-0.0038
24.01.2008,-0.0044
25.01.2008,0.0035
28.01.2008,0.0084
29.01.2008,-0.0054
30.01.2008,0.0045
31.01.2008,0.0069
01.02.2008,-0.0002
04.02.2008,0.0067
05.02.2008,0.0051
06.02.2008,0.007
07.02.2008,-0.0001
08.02.2008,0.0107
11.02.2008,0.0069
12.02.2008,-0.0123
13.02.2008,0.001
14.02.2008,0.0121
15.02.2008,0.0057
18.02.2008,0.0017
19.02.2008,0.0099
20.02.2008,0.0015
21.02.2008,0.0125
22.02.2008,0.0067
25.02.2008,0.0039
26.02.2008,0.0087
27.02.2008,0.0035
28.02.2008,0.0119
29.02.2008,0.0057
03.03.2008,0.0148
04.03.2008,-0.0122
05.03.2008,0.0028
06.03.2008,-0.0087
07.03.2008,-0.0086
10.03.2008,0.0034
11.03.2008,-0.0021
12.03.2008,0.0052
13.03.2008,0.0079
14.03.2008,-0.0013
17.03.2008,-0.0052
18.03.2008,-0.0057
19.03.2008,-0.0085
20.03.2008,-0.0077
21.03.2008,-0.0019
24.03.2008,-0.0106
25.03.2008,-0.0059
26.03.2008,0.0047
27.03.2008,-0.0017
28.03.2008,0.0005
31.03.2008,-0.0017
01.04.2008,-0.024
02.04.2008,0.0006
03.04.2008,0.001
04.04.2008,0.0074
07.04.2008,0.0008
08.04.2008,0.0037
09.04.2008,0.0144
10.04.2008,-0.0002
11.04.2008,0.0037
14.04.2008,0.0038
15.04.2008,0.0018
16.04.2008,0.0023
17.04.2008,-0.0027
18.04.2008,-0.0055
21.04.2008,-0.0015
22.04.2008,0.0088
23.04.2008,-0.0003
24.04.2008,-0.0098
25.04.2008,-0.0034
28.04.2008,-0.0041
29.04.2008,-0.0148
30.04.2008,0.0122
01.05.2008,-0.0124
02.05.2008,0.0106
05.05.2008,0.0003
06.05.2008,0.0035
07.05.2008,-0.0073
08.05.2008,-0.0006
09.05.2008,0.0041
12.05.2008,0.0088
13.05.2008,0.0044
14.05.2008,-0.0016
15.05.2008,0.0042
16.05.2008,0.0067
19.05.2008,-0.0021
20.05.2008,0.0003
21.05.2008,0.0028
22.05.2008,-0.0005
23.05.2008,0.002
26.05.2008,-0.0004
27.05.2008,-0.0082
28.05.2008,0.0007
29.05.2008,0.0035
30.05.2008,0.003
02.06.2008,-0.0029
03.06.2008,0.0046
04.06.2008,-0.0008
05.06.2008,0.0022
06.06.2008,0.002
09.06.2008,-0.0011
10.06.2008,-0.0089
11.06.2008,0.0115
12.06.2008,0.0012
13.06.2008,0.0008
16.06.2008,0.0064
17.06.2008,0.0014
18.06.2008,0.0082
19.06.2008,-0.0034
20.06.2008,0.0098
23.06.2008,-0.0007
24.06.2008,0.0035
25.06.2008,-0.0033
26.06.2008,0.0114
27.06.2008,0.0065
30.06.2008,-0.005
01.07.2008,0.0086
02.07.2008,0.0113
03.07.2008,-0.0003
04.07.2008,0.0029
07.07.2008,-0.0148
08.07.2008,-0.008
09.07.2008,-0.0072
10.07.2008,0.0109
11.07.2008,0.01
14.07.2008,-0.0001
15.07.2008,0.0065
16.07.2008,-0.0121
17.07.2008,-0.017
18.07.2008,-0.0023
21.07.2008,0.0029
22.07.2008,0.002
23.07.2008,-0.0108
24.07.2008,0.0088
25.07.2008,0.0046
28.07.2008,0.0064
29.07.2008,0.002
30.07.2008,-0.0066
31.07.2008,0.0023
01.08.2008,0.0185
04.08.2008,0.012
05.08.2008,-0.0159
06.08.2008,-0.0062
07.08.2008,-0.0078
08.08.2008,-0.0135
11.08.2008,-0.0117
12.08.2008,0.0024
13.08.2008,0.0046
14.08.2008,-0.0117
15.08.2008,0.0016
18.08.2008,0.0055
19.08.2008,0.0191
20.08.2008,-0.0061
21.08.2008,0.0024
22.08.2008,-0.0129
25.08.2008,0.0098
26.08.2008,-0.0006
27.08.2008,-0.0063
28.08.2008,-0.0208
29.08.2008,-0.0031
01.09.2008,0.0078
02.09.2008,0.0014
03.09.2008,0.005
04.09.2008,0.0033
05.09.2008,0.0193
08.09.2008,-0.0259
09.09.2008,0.0208
10.09.2008,0.001
11.09.2008,0.0015
12.09.2008,-0.0255
15.09.2008,0.0406
16.09.2008,0.0248
17.09.2008,0.0082
18.09.2008,0.0001
19.09.2008,-0.057
22.09.2008,-0.0087
23.09.2008,0.0081
24.09.2008,0.0025
25.09.2008,-0.0099
26.09.2008,0.0162
29.09.2008,0.0438
30.09.2008,-0.0047
01.10.2008,-0.005
02.10.2008,0.0256
03.10.2008,0.0002
06.10.2008,0.0454
07.10.2008,0.0025
08.10.2008,0.0161
09.10.2008,0.0003
10.10.2008,0.022
13.10.2008,-0.0323
14.10.2008,-0.0104
15.10.2008,0.0286
16.10.2008,0.0178
17.10.2008,-0.0071
20.10.2008,-0.0102
21.10.2008,0.0052
22.10.2008,0.0244
23.10.2008,0.0097
24.10.2008,0.018
27.10.2008,0.0041
28.10.2008,-0.0077
29.10.2008,-0.018
30.10.2008,-0.0076
31.10.2008,-0.0049
03.11.2008,-0.0051
04.11.2008,-0.0119
05.11.2008,0.0092
06.11.2008,0.0152
07.11.2008,-0.0044
10.11.2008,-0.0041
11.11.2008,0.0096
12.11.2008,0.0124
13.11.2008,-0.0014
14.11.2008,0.0013
17.11.2008,0.0059
18.11.2008,0.0063
19.11.2008,0.0075
20.11.2008,0.0199
21.11.2008,0.004
24.11.2008,-0.0281
25.11.2008,0.0015
26.11.2008,-0.0091
27.11.2008,-0.0049
28.11.2008,0.003
01.12.2008,0.0262
02.12.2008,0.0055
03.12.2008,0.0047
04.12.2008,0.0138
05.12.2008,0.0082
08.12.2008,-0.0241
09.12.2008,0.002
10.12.2008,-0.0132
11.12.2008,-0.001
12.12.2008,0.0043
15.12.2008,0.0017
16.12.2008,-0.0012
17.12.2008,0.0027
18.12.2008,0.0026
19.12.2008,0.0024
22.12.2008,0.002
23.12.2008,0.0017
24.12.2008,-0.0006
25.12.2008,-0.0002
26.12.2008,-0.0004
29.12.2008,-0.001
30.12.2008,-0.0019
31.12.2008,-0.0082
01.01.2009,0
02.01.2009,-0.0193
05.01.2009,-0.0112
06.01.2009,-0.0162
07.01.2009,0.0017
08.01.2009,0.0045
09.01.2009,0.0034
12.01.2009,0.0097
13.01.2009,0.0031
14.01.2009,0.0066
15.01.2009,-0.0008
16.01.2009,-0.0034
19.01.2009,0.0023
20.01.2009,0.0156
21.01.2009,0.0014
22.01.2009,-0.002
23.01.2009,0.0016
26.01.2009,-0.0114
27.01.2009,0.0012
28.01.2009,-0.0145
29.01.2009,-0.0031
30.01.2009,-0.003
02.02.2009,0.0045
03.02.2009,-0.0052
04.02.2009,-0.005
05.02.2009,-0.0034
06.02.2009,-0.0068
09.02.2009,-0.0008
10.02.2009,0.0037
11.02.2009,0.0077
12.02.2009,0.0055
13.02.2009,-0.0011
16.02.2009,0.0034
17.02.2009,0.0124
18.02.2009,-0.0023
19.02.2009,-0.0049
20.02.2009,0.0111
23.02.2009,-0.0028
24.02.2009,0.0034
25.02.2009,0.0002
26.02.2009,-0.0029
27.02.2009,0.0055
02.03.2009,0.0137
03.03.2009,-0.0028
04.03.2009,-0.0134
05.03.2009,0.0134
06.03.2009,0.004
09.03.2009,0.0007
10.03.2009,-0.0116
11.03.2009,-0.0009
12.03.2009,-0.0051
13.03.2009,-0.0036
16.03.2009,-0.0026
17.03.2009,-0.0046
18.03.2009,0.0078
19.03.2009,-0.0129
20.03.2009,0.0015
23.03.2009,-0.01
24.03.2009,-0.0049
25.03.2009,0.004
26.03.2009,0.002
27.03.2009,0.0008
30.03.2009,-0.0064
31.03.2009,-0.0019
01.04.2009,0.0079
02.04.2009,0.003
03.04.2009,-0.0021
06.04.2009,-0.0134
07.04.2009,0.01
08.04.2009,-0.0021
09.04.2009,0.0151
10.04.2009,0.003
13.04.2009,0.0025
14.04.2009,-0.003
15.04.2009,0.0023
16.04.2009,0.0043
17.04.2009,-0.004
20.04.2009,-0.0098
21.04.2009,0.0084
22.04.2009,0
23.04.2009,-0.0007
24.04.2009,0.0093
27.04.2009,-0.0169
28.04.2009,-0.003
29.04.2009,0.0073
30.04.2009,0.0083
01.05.2009,-0.0006
04.05.2009,0.0179
05.05.2009,0.0031
06.05.2009,0.0049
07.05.2009,-0.0062
08.05.2009,0.0039
11.05.2009,0.0012
12.05.2009,-0.0023
13.05.2009,-0.0057
14.05.2009,0.0001
15.05.2009,-0.0015
18.05.2009,0.0139
19.05.2009,0.0106
20.05.2009,0.0011
21.05.2009,-0.0042
22.05.2009,-0.0004
25.05.2009,0.0017
26.05.2009,0.0003
27.05.2009,0.0067
28.05.2009,-0.0061
29.05.2009,0.0099
01.06.2009,0.0085
02.06.2009,0.0028
03.06.2009,-0.0097
04.06.2009,0.0037
05.06.2009,-0.005
08.06.2009,-0.0145
09.06.2009,-0.0015
10.06.2009,0.0006
11.06.2009,0.0001
12.06.2009,-0.0016
15.06.2009,-0.0182
16.06.2009,-0.0055
17.06.2009,-0.0038
18.06.2009,-0.001
19.06.2009,0.006
22.06.2009,-0.0092
23.06.2009,0.0051
24.06.2009,0.0137
25.06.2009,0.0078
26.06.2009,0.0031
29.06.2009,-0.0034
30.06.2009,0.0036
01.07.2009,0.0071
02.07.2009,0.0007
03.07.2009,0.0011
06.07.2009,-0.0004
07.07.2009,-0.0068
08.07.2009,-0.005
09.07.2009,0.0001
10.07.2009,0.0071
13.07.2009,-0.0037
14.07.2009,0.0003
15.07.2009,0.005
16.07.2009,0
17.07.2009,-0.0011
20.07.2009,0.008
21.07.2009,0.0011
22.07.2009,0.0031
23.07.2009,0.0025
24.07.2009,0.0018
27.07.2009,0.0058
28.07.2009,0.0048
29.07.2009,-0.0085
30.07.2009,0.0079
31.07.2009,0.005
03.08.2009,0.0011
04.08.2009,0.0016
05.08.2009,-0.001
06.08.2009,0.0011
07.08.2009,0.0049
10.08.2009,-0.0001
11.08.2009,0.0028
12.08.2009,0.0049
13.08.2009,0.0089
14.08.2009,-0.0013
17.08.2009,-0.0103
18.08.2009,0.0035
19.08.2009,0.0065
20.08.2009,0.0013
21.08.2009,0.003
24.08.2009,0.0026
25.08.2009,-0.0051
26.08.2009,-0.0029
27.08.2009,-0.0035
28.08.2009,-0.0023
31.08.2009,-0.0025
01.09.2009,-0.0025
02.09.2009,0.0099
03.09.2009,0.0048
04.09.2009,0.0095
07.09.2009,0.0011
08.09.2009,0.0075
09.09.2009,-0.0057
10.09.2009,0.0108
11.09.2009,0.0058
14.09.2009,0.0002
15.09.2009,0.0022
16.09.2009,0.011
17.09.2009,-0.0003
18.09.2009,-0.0016
21.09.2009,-0.0039
22.09.2009,0.0112
23.09.2009,0.0019
24.09.2009,-0.0111
25.09.2009,0.0089
28.09.2009,0.0051
29.09.2009,0.0079
30.09.2009,0.0098
01.10.2009,-0.0134
02.10.2009,-0.0026
05.10.2009,0.0195
06.10.2009,0.0038
07.10.2009,-0.0045
08.10.2009,0.0022
09.10.2009,-0.0095
12.10.2009,-0.0039
13.10.2009,0.0009
14.10.2009,0.0146
15.10.2009,0.0008
16.10.2009,-0.0093
19.10.2009,0.0024
20.10.2009,-0.0094
21.10.2009,0.0021
22.10.2009,-0.0116
23.10.2009,0.0059
26.10.2009,-0.0144
27.10.2009,0.0012
28.10.2009,-0.0259
29.10.2009,0.0069
30.10.2009,-0.0109
02.11.2009,-0.0045
03.11.2009,0.0026
04.11.2009,0.0128
05.11.2009,-0.0021
06.11.2009,0.006
09.11.2009,0.0143
10.11.2009,-0.0054
11.11.2009,0.0027
12.11.2009,-0.0086
13.11.2009,0.0091
16.11.2009,0.0182
17.11.2009,-0.0053
18.11.2009,0.005
19.11.2009,-0.0161
20.11.2009,-0.0038
23.11.2009,0.0106
24.11.2009,-0.0031
25.11.2009,0.0123
26.11.2009,-0.0156
27.11.2009,-0.0127
30.11.2009,0.0027
01.12.2009,0.0221
02.12.2009,-0.0004
03.12.2009,0.0061
04.12.2009,-0.0184
07.12.2009,0.003
08.12.2009,-0.0149
09.12.2009,-0.012
10.12.2009,-0.0032
11.12.2009,0.0073
14.12.2009,0.0151
15.12.2009,-0.007
16.12.2009,0.008
17.12.2009,-0.0176
18.12.2009,0.0011
21.12.2009,-0.0044
22.12.2009,0.0034
23.12.2009,0.0057
24.12.2009,0.0061
25.12.2009,0.0006
28.12.2009,0.0049
29.12.2009,-0.0002
30.12.2009,-0.0019
31.12.2009,0.0036
01.01.2010,-0.0002
04.01.2010,0.0157
05.01.2010,0.0017
06.01.2010,0.0066
07.01.2010,-0.0099
08.01.2010,0.0039
11.01.2010,-0.0039
12.01.2010,-0.0063
13.01.2010,-0.0059
14.01.2010,0.0032
15.01.2010,-0.0028
18.01.2010,0.0003
19.01.2010,0.0054
20.01.2010,-0.015
21.01.2010,-0.0072
22.01.2010,-0.0208
25.01.2010,-0.0028
26.01.2010,-0.0192
27.01.2010,-0.0165
28.01.2010,0.0025
29.01.2010,0.0026
01.02.2010,-0.0028
02.02.2010,-0.0014
03.02.2010,0.0013
04.02.2010,-0.0062
05.02.2010,-0.012
08.02.2010,-0.0009
09.02.2010,0.0052
10.02.2010,-0.002
11.02.2010,0.0043
12.02.2010,0.0046
15.02.2010,-0.0016
16.02.2010,-0.0016
17.02.2010,0.0028
18.02.2010,0.0024
19.02.2010,0.0012
22.02.2010,0.0034
23.02.2010,-0.0007
24.02.2010,-0.0002
25.02.2010,0.0034
26.02.2010,0.0041
01.03.2010,0.0108
02.03.2010,0.0062
03.03.2010,-0.0007
04.03.2010,0.0054
05.03.2010,0.0065
08.03.2010,0.0055
09.03.2010,0.0042
10.03.2010,0.0046
11.03.2010,0.0015
12.03.2010,0.0031
15.03.2010,-0.0026
16.03.2010,0.0048
17.03.2010,0.0048
18.03.2010,-0.0076
19.03.2010,-0.0034
22.03.2010,-0.0015
23.03.2010,0.0092
24.03.2010,-0.0132
25.03.2010,-0.0049
26.03.2010,-0.0075
29.03.2010,0.016
30.03.2010,0.0062
31.03.2010,0.0111
01.04.2010,0.0107
02.04.2010,0.0008
05.04.2010,0.0061
06.04.2010,0
07.04.2010,-0.0098
08.04.2010,-0.0007
09.04.2010,0.002
12.04.2010,0.006
13.04.2010,-0.0079
14.04.2010,0.0118
15.04.2010,0.008
16.04.2010,-0.0139
19.04.2010,-0.0051
20.04.2010,0.005
21.04.2010,0.0071
22.04.2010,-0.0104
23.04.2010,0.0019
26.04.2010,0.0198
27.04.2010,-0.0125
28.04.2010,-0.0004
29.04.2010,0.0115
30.04.2010,-0.0014
03.05.2010,0.005
04.05.2010,-0.018
05.05.2010,-0.0239
06.05.2010,-0.0505
07.05.2010,0.004
10.05.2010,0.0349
11.05.2010,0.001
12.05.2010,-0.003
13.05.2010,0.0049
14.05.2010,-0.0053
17.05.2010,-0.0107
18.05.2010,0.0012
19.05.2010,-0.0091
20.05.2010,-0.0155
21.05.2010,-0.0064
24.05.2010,0.0069
25.05.2010,-0.0027
26.05.2010,0.0002
27.05.2010,0.0021
28.05.2010,0.0047
31.05.2010,0.0006
01.06.2010,0.0047
02.06.2010,0.002
03.06.2010,-0.0018
04.06.2010,0.0023
07.06.2010,-0.0025
08.06.2010,-0.0002
09.06.2010,-0.0029
10.06.2010,-0.0085
11.06.2010,-0.0033
14.06.2010,-0.0094
15.06.2010,-0.0036
16.06.2010,-0.0041
17.06.2010,0.0017
18.06.2010,0.0045
21.06.2010,-0.0047
22.06.2010,0.001
23.06.2010,-0.0002
24.06.2010,0.0047
25.06.2010,0
28.06.2010,0.0065
29.06.2010,-0.0008
30.06.2010,-0.0013
01.07.2010,-0.005
02.07.2010,-0.0027
05.07.2010,0.0063
06.07.2010,-0.0081
07.07.2010,-0.0012
08.07.2010,-0.0042
09.07.2010,-0.0024
12.07.2010,0.0035
13.07.2010,-0.0027
14.07.2010,0.0008
15.07.2010,-0.0023
16.07.2010,-0.0061
19.07.2010,-0.0087
20.07.2010,0.0031
21.07.2010,-0.0048
22.07.2010,0.009
23.07.2010,0.001
26.07.2010,-0.0056
27.07.2010,-0.0049
28.07.2010,0.0037
29.07.2010,0.0057
30.07.2010,0.0106
02.08.2010,0.0099
03.08.2010,-0.0016
04.08.2010,0.0053
05.08.2010,0.0039
06.08.2010,-0.0035
09.08.2010,0.0062
10.08.2010,-0.0064
11.08.2010,-0.0092
12.08.2010,-0.0039
13.08.2010,0.0059
16.08.2010,0.0163
17.08.2010,0.0014
18.08.2010,0.003
19.08.2010,-0.0005
20.08.2010,0.0065
23.08.2010,-0.0025
24.08.2010,-0.0092
25.08.2010,-0.0057
26.08.2010,0.0029
27.08.2010,0.0062
30.08.2010,0.0007
31.08.2010,-0.0054
01.09.2010,-0.005
02.09.2010,0.0076
03.09.2010,-0.0029
06.09.2010,0.0011
07.09.2010,0.0151
08.09.2010,0.0009
09.09.2010,0.0011
10.09.2010,-0.0041
13.09.2010,0.0088
14.09.2010,0.0164
15.09.2010,-0.0127
16.09.2010,-0.003
17.09.2010,0.0098
20.09.2010,-0.0035
21.09.2010,0.0041
22.09.2010,0.0035
23.09.2010,0.0014
24.09.2010,0.0136
27.09.2010,0.0092
28.09.2010,0.0044
29.09.2010,-0.0009
30.09.2010,0.0018
01.10.2010,0.0072
04.10.2010,-0.0117
05.10.2010,0.0211
06.10.2010,0.0041
07.10.2010,0.0038
08.10.2010,0.0159
11.10.2010,0.0001
12.10.2010,0.0004
13.10.2010,0.008
14.10.2010,0.0072
15.10.2010,-0.0036
18.10.2010,-0.0027
19.10.2010,-0.0139
20.10.2010,0.0143
21.10.2010,-0.0067
22.10.2010,-0.0019
25.10.2010,0.0096
26.10.2010,-0.0038
27.10.2010,-0.0132
28.10.2010,0.0106
29.10.2010,0.0025
01.11.2010,0.0042
02.11.2010,0.0023
03.11.2010,0.0035
04.11.2010,0.021
05.11.2010,0.0007
08.11.2010,-0.0055
09.11.2010,-0.0013
10.11.2010,-0.0056
11.11.2010,-0.0095
12.11.2010,-0.0188
15.11.2010,-0.0075
16.11.2010,-0.0157
17.11.2010,-0.0033
18.11.2010,0.0097
19.11.2010,0.0014
22.11.2010,-0.0027
23.11.2010,-0.0075
24.11.2010,0.0051
25.11.2010,0.0046
26.11.2010,-0.0075
29.11.2010,0.009
30.11.2010,0.0037
01.12.2010,0.0115
02.12.2010,0.0048
03.12.2010,0.0031
06.12.2010,0.0033
07.12.2010,-0.0026
08.12.2010,-0.0036
09.12.2010,0.0004
10.12.2010,-0.0031
13.12.2010,0.006
14.12.2010,0.0019
15.12.2010,-0.0059
16.12.2010,0.0024
17.12.2010,-0.0001
20.12.2010,0.0075
21.12.2010,0.0077
22.12.2010,0.0053
23.12.2010,0.0029
24.12.2010,-0.0021
27.12.2010,0.004
28.12.2010,0.0026
29.12.2010,0.0008
30.12.2010,-0.0025
31.12.2010,0.0069
03.01.2011,0.0027
04.01.2011,-0.013
05.01.2011,-0.0155
06.01.2011,-0.0023
07.01.2011,-0.0057
10.01.2011,0.0059
11.01.2011,0.0071
12.01.2011,0.0096
13.01.2011,0.0017
14.01.2011,-0.0102
17.01.2011,0.0032
18.01.2011,0.0096
19.01.2011,-0.0009
20.01.2011,-0.0024
21.01.2011,0.004
24.01.2011,0.0013
25.01.2011,-0.0102
26.01.2011,0.0165
27.01.2011,0.0004
28.01.2011,0.0002
31.01.2011,0.013
01.02.2011,0.0057
02.02.2011,0.0052
03.02.2011,-0.0058
04.02.2011,0.0022
07.02.2011,-0.0015
08.02.2011,0.0017
09.02.2011,0.0116
10.02.2011,-0.0099
11.02.2011,-0.0078
14.02.2011,-0.003
15.02.2011,-0.0015
16.02.2011,-0.0027
17.02.2011,0.0091
18.02.2011,0.0047
21.02.2011,0.0002
22.02.2011,-0.0127
23.02.2011,-0.0128
24.02.2011,-0.0054
25.02.2011,0.0123
28.02.2011,0.002
01.03.2011,-0.0009
02.03.2011,-0.0027
03.03.2011,0.0077
04.03.2011,-0.0015
07.03.2011,-0.0051
08.03.2011,0.0052
09.03.2011,0.002
10.03.2011,-0.0112
11.03.2011,-0.0147
14.03.2011,-0.0163
15.03.2011,-0.025
16.03.2011,-0.0026
17.03.2011,0.001
18.03.2011,0.0072
21.03.2011,0.0124
22.03.2011,-0.0071
23.03.2011,-0.0017
24.03.2011,0.0079
25.03.2011,-0.0016
28.03.2011,-0.0001
29.03.2011,0.0071
30.03.2011,0.0078
31.03.2011,-0.0004
01.04.2011,0.0069
04.04.2011,0.0005
05.04.2011,0.0033
06.04.2011,0.0112
07.04.2011,0.0078
08.04.2011,0.0088
11.04.2011,-0.0023
12.04.2011,-0.0131
13.04.2011,0.008
14.04.2011,0.0022
15.04.2011,-0.0024
18.04.2011,-0.0082
19.04.2011,0.0046
20.04.2011,0.0085
21.04.2011,0.0017
22.04.2011,-0.0006
25.04.2011,0.0006
26.04.2011,0.0014
27.04.2011,0.005
28.04.2011,0.0003
29.04.2011,0.0019
02.05.2011,0.0022
03.05.2011,-0.0055
04.05.2011,-0.0102
05.05.2011,-0.0097
06.05.2011,-0.0091
09.05.2011,0.0046
10.05.2011,0.0031
11.05.2011,-0.0067
12.05.2011,-0.001
13.05.2011,-0.0031
16.05.2011,-0.0055
17.05.2011,-0.0035
18.05.2011,0.0097
19.05.2011,0.0075
20.05.2011,-0.0021
23.05.2011,-0.0053
24.05.2011,-0.0057
25.05.2011,-0.0022
26.05.2011,0.0041
27.05.2011,0.0053
30.05.2011,0.0049
31.05.2011,0.0044
01.06.2011,0.0034
02.06.2011,-0.0086
03.06.2011,0.0018
06.06.2011,-0.0005
07.06.2011,-0.0026
08.06.2011,-0.0017
09.06.2011,-0.005
10.06.2011,0.0008
13.06.2011,0.0061
14.06.2011,-0.0075
15.06.2011,0.0009
16.06.2011,0.0068
17.06.2011,0.0023
20.06.2011,-0.0042
21.06.2011,-0.0012
22.06.2011,-0.0006
23.06.2011,0.0064
24.06.2011,-0.0067
27.06.2011,-0.0071
28.06.2011,-0.0096
29.06.2011,-0.0005
30.06.2011,0.0022
01.07.2011,-0.0059
04.07.2011,-0.0035
05.07.2011,0.0043
06.07.2011,0.0081
07.07.2011,0.0144
08.07.2011,0.0044
11.07.2011,0.005
12.07.2011,0.0021
13.07.2011,-0.0061
14.07.2011,0.0029
15.07.2011,0.0099
18.07.2011,0.0034
19.07.2011,0.0078
20.07.2011,-0.0004
21.07.2011,-0.0081
22.07.2011,0.0056
25.07.2011,0.0106
26.07.2011,0.0108
27.07.2011,-0.0025
28.07.2011,-0.0061
29.07.2011,0.0089
01.08.2011,0.0026
02.08.2011,0.0114
03.08.2011,0.0125
04.08.2011,0.0134
05.08.2011,-0.0124
08.08.2011,0.0168
09.08.2011,-0.0127
10.08.2011,0.0101
11.08.2011,-0.0173
12.08.2011,-0.0003
15.08.2011,-0.0013
16.08.2011,0.0004
17.08.2011,0.0018
18.08.2011,0.0133
19.08.2011,0.0043
22.08.2011,-0.0005
23.08.2011,-0.0063
24.08.2011,-0.0085
25.08.2011,0.001
26.08.2011,0.0038
29.08.2011,-0.0076
30.08.2011,0.0029
31.08.2011,-0.0088
01.09.2011,-0.0075
02.09.2011,0.0086
05.09.2011,0.014
06.09.2011,-0.004
07.09.2011,-0.0076
08.09.2011,-0.0028
09.09.2011,0.0109
12.09.2011,-0.0011
13.09.2011,-0.0048
14.09.2011,-0.0063
15.09.2011,-0.004
16.09.2011,-0.0029
19.09.2011,0.0065
20.09.2011,0.0031
21.09.2011,-0.0012
22.09.2011,0.0194
23.09.2011,0.0003
26.09.2011,-0.0025
27.09.2011,-0.0122
28.09.2011,0.0092
29.09.2011,-0.0047
30.09.2011,0.0131
03.10.2011,0.0169
04.10.2011,0.0005
05.10.2011,-0.0027
06.10.2011,-0.0133
07.10.2011,0.0072
10.10.2011,-0.0229
11.10.2011,-0.004
12.10.2011,-0.0046
13.10.2011,-0.0024
14.10.2011,-0.0098
17.10.2011,0.0083
18.10.2011,-0.0038
19.10.2011,-0.0004
20.10.2011,0.0059
21.10.2011,-0.0067
24.10.2011,-0.0114
25.10.2011,-0.0004
26.10.2011,-0.0063
27.10.2011,-0.0098
28.10.2011,-0.0001
31.10.2011,0.0039
01.11.2011,0.0002
02.11.2011,0.0023
03.11.2011,-0.0012
04.11.2011,0.0028
07.11.2011,-0.0006
08.11.2011,0.0051
09.11.2011,0.0015
10.11.2011,0.0008
11.11.2011,0.0026
14.11.2011,0.0019
15.11.2011,0.0002
16.11.2011,-0.0041
17.11.2011,0.0008
18.11.2011,0.0025
21.11.2011,-0.0037
22.11.2011,0.0007
23.11.2011,-0.0069
24.11.2011,-0.0041
25.11.2011,-0.0025
28.11.2011,-0.0007
29.11.2011,0.0023
30.11.2011,0.0017
01.12.2011,-0.0113
02.12.2011,0.0079
05.12.2011,-0.0036
06.12.2011,-0.0024
07.12.2011,0.0149
08.12.2011,-0.0034
09.12.2011,0.0073
12.12.2011,-0.0035
13.12.2011,-0.002
14.12.2011,0.0097
15.12.2011,0.0052
16.12.2011,-0.0005
19.12.2011,0.0044
20.12.2011,-0.0119
21.12.2011,-0.0025
22.12.2011,-0.0001
23.12.2011,-0.0037
26.12.2011,0.0009
27.12.2011,0.0006
28.12.2011,0.0181
29.12.2011,0.0102
30.12.2011,-0.0012
02.01.2012,-0.0147
03.01.2012,-0.0163
04.01.2012,0.0016
05.01.2012,0.0189
06.01.2012,0.0011
09.01.2012,-0.0151
10.01.2012,-0.0177
11.01.2012,0.0058
12.01.2012,-0.0016
13.01.2012,0.0172
16.01.2012,0.002
17.01.2012,-0.0016
18.01.2012,-0.0004
19.01.2012,-0.0112
20.01.2012,-0.0068
23.01.2012,-0.0088
24.01.2012,-0.0053
25.01.2012,0.0038
26.01.2012,0.0098
27.01.2012,-0.0047
30.01.2012,0.0074
31.01.2012,0.0052
01.02.2012,0.0054
02.02.2012,-0.001
03.02.2012,-0.0015
06.02.2012,0.0001
07.02.2012,-0.0008
08.02.2012,0.0001
09.02.2012,-0.0069
10.02.2012,-0.001
13.02.2012,0.0052
14.02.2012,-0.001
15.02.2012,-0.0004
16.02.2012,-0.0014
17.02.2012,0.0034
20.02.2012,-0.0012
21.02.2012,-0.0025
22.02.2012,0.0004
23.02.2012,0.0034
24.02.2012,0.0017
27.02.2012,0.0058
28.02.2012,0.0034
29.02.2012,-0.0033
01.03.2012,0.0036
02.03.2012,-0.0023
05.03.2012,-0.0105
06.03.2012,-0.0222
07.03.2012,0.0068
08.03.2012,0.0088
09.03.2012,-0.0009
12.03.2012,-0.0001
13.03.2012,0.0045
14.03.2012,-0.0114
15.03.2012,0.0015
16.03.2012,-0.0041
19.03.2012,-0.0023
20.03.2012,-0.0049
21.03.2012,-0.001
22.03.2012,0.002
23.03.2012,0.0034
26.03.2012,0.0048
27.03.2012,-0.0009
28.03.2012,-0.003
29.03.2012,0.0039
30.03.2012,0.0041
02.04.2012,0.0084
03.04.2012,-0.0046
04.04.2012,-0.0038
05.04.2012,-0.0001
06.04.2012,0.0001
09.04.2012,-0.0033
10.04.2012,0.0004
11.04.2012,0.0007
12.04.2012,-0.0019
13.04.2012,-0.0031
16.04.2012,0.0024
17.04.2012,0.0039
18.04.2012,-0.0035
19.04.2012,-0.0005
20.04.2012,0.0009
23.04.2012,0.0031
24.04.2012,-0.0028
25.04.2012,0.0057
26.04.2012,0.006
27.04.2012,0.0006
30.04.2012,-0.0029
01.05.2012,-0.0008
02.05.2012,0.0086
03.05.2012,-0.006
04.05.2012,0.0034
07.05.2012,-0.0034
08.05.2012,0.0038
09.05.2012,0.0004
10.05.2012,0.0029
11.05.2012,0.0001
14.05.2012,0.0123
15.05.2012,0.0051
16.05.2012,-0.0028
17.05.2012,0.003
18.05.2012,-0.0068
21.05.2012,-0.0043
22.05.2012,0.0013
23.05.2012,0.0189
24.05.2012,-0.0002
25.05.2012,-0.004
28.05.2012,-0.0006
29.05.2012,0.0104
30.05.2012,0.0101
31.05.2012,0.004
01.06.2012,0.0054
04.06.2012,-0.0068
05.06.2012,0.0036
06.06.2012,-0.0218
07.06.2012,-0.0083
08.06.2012,0.0056
11.06.2012,-0.0013
12.06.2012,-0.0099
13.06.2012,-0.0113
14.06.2012,-0.001
15.06.2012,-0.0008
18.06.2012,-0.004
19.06.2012,-0.0153
20.06.2012,-0.0028
21.06.2012,0.0099
22.06.2012,-0.001
25.06.2012,0.0093
26.06.2012,-0.0004
27.06.2012,0.0035
28.06.2012,0.0042
29.06.2012,-0.0185
02.07.2012,0.0022
03.07.2012,-0.0118
04.07.2012,-0.0017
05.07.2012,0.0066
06.07.2012,0.0107
09.07.2012,0.0009
10.07.2012,0.0102
11.07.2012,0
12.07.2012,0.0004
13.07.2012,-0.001
16.07.2012,0.009
17.07.2012,0.0014
18.07.2012,0.007
19.07.2012,-0.0044
20.07.2012,0.0095
23.07.2012,0.0008
24.07.2012,-0.0052
25.07.2012,0.0028
26.07.2012,-0.0078
27.07.2012,-0.0183
30.07.2012,-0.0026
31.07.2012,0.0064
01.08.2012,-0.0074
02.08.2012,0.007
03.08.2012,-0.0112
06.08.2012,-0.0089
07.08.2012,0.0009
08.08.2012,-0.0011
09.08.2012,0.0052
10.08.2012,0.003
13.08.2012,-0.0036
14.08.2012,0.0035
15.08.2012,-0.0005
16.08.2012,-0.0018
17.08.2012,0.0027
20.08.2012,-0.0025
21.08.2012,-0.0009
22.08.2012,-0.0024
23.08.2012,-0.0044
24.08.2012,0.0084
27.08.2012,-0.0036
28.08.2012,-0.0059
29.08.2012,0.0051
30.08.2012,-0.0033
31.08.2012,0.0052
03.09.2012,0.0004
04.09.2012,0.0002
05.09.2012,0.0022
06.09.2012,0.0075
07.09.2012,-0.0041
10.09.2012,-0.0156
11.09.2012,-0.0066
12.09.2012,0.0009
13.09.2012,0.003
14.09.2012,0.0006
17.09.2012,-0.0084
18.09.2012,0.0012
19.09.2012,0.0067
20.09.2012,-0.0028
21.09.2012,0.0017
24.09.2012,-0.0032
25.09.2012,-0.0073
26.09.2012,-0.0055
27.09.2012,0.0032
28.09.2012,-0.0051
01.10.2012,0.0058
02.10.2012,0.0011
03.10.2012,0.0005
04.10.2012,0.0047
05.10.2012,-0.001
08.10.2012,-0.0045
09.10.2012,-0.0074
10.10.2012,-0.0057
11.10.2012,0.0003
12.10.2012,-0.002
15.10.2012,0.003
16.10.2012,0.0017
17.10.2012,-0.0013
18.10.2012,-0.0025
19.10.2012,-0.0082
22.10.2012,-0.0023
23.10.2012,-0.0047
24.10.2012,-0.0002
25.10.2012,-0.0028
26.10.2012,0.0044
29.10.2012,0.0006
30.10.2012,0.0047
31.10.2012,0.0027
01.11.2012,-0.0044
02.11.2012,-0.0085
05.11.2012,0.007
06.11.2012,0.0005
07.11.2012,0.0009
08.11.2012,0.0034
09.11.2012,-0.0006
12.11.2012,-0.0009
13.11.2012,0.0064
14.11.2012,-0.0053
15.11.2012,-0.003
16.11.2012,0.0091
19.11.2012,-0.0041
20.11.2012,0.0028
21.11.2012,0.0018
22.11.2012,0
23.11.2012,0.0006
26.11.2012,0.0034
27.11.2012,0.0052
28.11.2012,-0.0007
29.11.2012,-0.0074
30.11.2012,0.0015
03.12.2012,-0.003
04.12.2012,0.0027
05.12.2012,-0.0029
06.12.2012,0.002
07.12.2012,-0.01
10.12.2012,0.0035
11.12.2012,0.0023
12.12.2012,0.0013
13.12.2012,-0.0019
14.12.2012,-0.007
17.12.2012,-0.0033
18.12.2012,-0.0005
19.12.2012,0.0018
20.12.2012,0.0001
21.12.2012,-0.0113
24.12.2012,-0.0043
25.12.2012,0.0011
26.12.2012,0.0023
27.12.2012,0.0012
28.12.2012,-0.0055
31.12.2012,0.0088
01.01.2013,-0.0001
02.01.2013,0.008
03.01.2013,0.0084
04.01.2013,0.0027
07.01.2013,-0.0047
08.01.2013,0.0009
09.01.2013,0.0074
10.01.2013,0.0048
11.01.2013,0.0038
14.01.2013,-0.001
15.01.2013,0.0021
16.01.2013,-0.0048
17.01.2013,0.006
18.01.2013,0.0036
21.01.2013,-0.0027
22.01.2013,0.0068
23.01.2013,-0.0011
24.01.2013,0.0094
25.01.2013,-0.0014
28.01.2013,-0.0086
29.01.2013,0.0103
30.01.2013,-0.0054
31.01.2013,-0.0018
01.02.2013,0.0045
04.02.2013,-0.0036
05.02.2013,0.0044
06.02.2013,0.0061
07.02.2013,-0.001
08.02.2013,-0.0027
11.02.2013,0.0036
12.02.2013,0.0046
13.02.2013,0.0013
14.02.2013,0.0062
15.02.2013,0.0005
18.02.2013,0.0022
19.02.2013,0.0105
20.02.2013,-0.0021
21.02.2013,-0.0168
22.02.2013,0.0043
25.02.2013,-0.005
26.02.2013,-0.0113
27.02.2013,0.0126
28.02.2013,0.0068
01.03.2013,0.0114
04.03.2013,-0.0025
05.03.2013,0.0171
06.03.2013,-0.0068
07.03.2013,-0.0056
08.03.2013,0.0069
11.03.2013,0.0033
12.03.2013,0.0033
13.03.2013,0.0014
14.03.2013,0.0041
15.03.2013,0.0041
18.03.2013,-0.0052
19.03.2013,0.0026
20.03.2013,0
21.03.2013,-0.006
22.03.2013,0.0013
25.03.2013,0.0015
26.03.2013,-0.0021
27.03.2013,-0.0028
28.03.2013,0.0017
29.03.2013,-0.001
01.04.2013,0.0003
02.04.2013,0.0167
03.04.2013,-0.0073
04.04.2013,0.0133
05.04.2013,-0.006
08.04.2013,0.0085
09.04.2013,-0.0049
10.04.2013,0.0082
11.04.2013,0.0102
12.04.2013,0.0052
15.04.2013,-0.0017
16.04.2013,-0.0032
17.04.2013,0.0026
18.04.2013,-0.0079
19.04.2013,0.0011
22.04.2013,0.0018
23.04.2013,0.0053
24.04.2013,0.0047
25.04.2013,-0.0007
26.04.2013,0.0056
29.04.2013,0.0016
30.04.2013,-0.0069
01.05.2013,0.001
02.05.2013,0.0013
03.05.2013,-0.0025
06.05.2013,-0.0003
07.05.2013,-0.0007
08.05.2013,0.0134
09.05.2013,-0.0025
10.05.2013,0.0027
13.05.2013,-0.0004
14.05.2013,0.0037
15.05.2013,0.006
16.05.2013,-0.0001
17.05.2013,0.0043
20.05.2013,0.001
21.05.2013,-0.0006
22.05.2013,0.0012
23.05.2013,-0.022
24.05.2013,-0.006
27.05.2013,-0.0027
28.05.2013,0.0102
29.05.2013,-0.0075
30.05.2013,-0.0036
31.05.2013,-0.0036
03.06.2013,-0.0116
04.06.2013,0.0046
05.06.2013,-0.006
06.06.2013,-0.0121
07.06.2013,0.0211
10.06.2013,0.0074
11.06.2013,0.0044
12.06.2013,0
13.06.2013,-0.0061
14.06.2013,-0.0007
17.06.2013,0.0065
18.06.2013,0.0021
19.06.2013,0.0026
20.06.2013,-0.0063
21.06.2013,0.0019
24.06.2013,-0.0004
25.06.2013,-0.0027
26.06.2013,0.0058
27.06.2013,0
28.06.2013,-0.0013
01.07.2013,-0.0006
02.07.2013,0.0072
03.07.2013,0.0012
04.07.2013,-0.0043
05.07.2013,0.0114
08.07.2013,-0.0022
09.07.2013,-0.0009
10.07.2013,-0.001
11.07.2013,-0.0049
12.07.2013,0.0116
15.07.2013,-0.0059
16.07.2013,-0.0033
17.07.2013,-0.0026
18.07.2013,0.0009
19.07.2013,0.0002
22.07.2013,-0.0134
23.07.2013,0.0024
24.07.2013,0.0035
25.07.2013,-0.0067
26.07.2013,-0.0044
29.07.2013,-0.0043
30.07.2013,0.0078
31.07.2013,-0.0022
01.08.2013,-0.0001
02.08.2013,0.007
05.08.2013,-0.0001
06.08.2013,0.0057
07.08.2013,-0.0054
08.08.2013,-0.0087
09.08.2013,-0.0066
12.08.2013,-0.0124
13.08.2013,-0.0044
14.08.2013,-0.0073
15.08.2013,-0.0188
16.08.2013,-0.0008
19.08.2013,-0.0094
20.08.2013,0.0055
21.08.2013,-0.0067
22.08.2013,0.0062
23.08.2013,0.0013
26.08.2013,-0.0096
27.08.2013,-0.0084
28.08.2013,-0.0014
29.08.2013,0.0032
30.08.2013,-0.0032
02.09.2013,0.0017
03.09.2013,0.0031
04.09.2013,0.0044
05.09.2013,-0.0001
06.09.2013,-0.0033
09.09.2013,0.0043
10.09.2013,0.0028
11.09.2013,-0.001
12.09.2013,-0.0006
13.09.2013,0.0014
16.09.2013,0.0044
17.09.2013,0.0057
18.09.2013,0.0092
19.09.2013,-0.006
20.09.2013,-0.0032
23.09.2013,0.001
24.09.2013,-0.0032
25.09.2013,-0.0059
26.09.2013,0.0003
27.09.2013,-0.0037
30.09.2013,-0.007
01.10.2013,0.0072
02.10.2013,-0.0021
03.10.2013,-0.0096
04.10.2013,0.0045
07.10.2013,-0.007
08.10.2013,-0.0079
09.10.2013,-0.0021
10.10.2013,0.0154
11.10.2013,0.0095
14.10.2013,0.004
15.10.2013,0.0029
16.10.2013,0.009
17.10.2013,0.0068
18.10.2013,0.0036
21.10.2013,0.0034
22.10.2013,0.0062
23.10.2013,-0.0061
24.10.2013,-0.0038
25.10.2013,0.0039
28.10.2013,0.0098
29.10.2013,-0.0018
30.10.2013,-0.0024
31.10.2013,-0.0092
01.11.2013,-0.0108
04.11.2013,0.002
05.11.2013,-0.006
06.11.2013,0.0067
07.11.2013,-0.0054
08.11.2013,-0.0061
11.11.2013,-0.0049
12.11.2013,0.0037
13.11.2013,0.0015
14.11.2013,0.0062
15.11.2013,0.0075
18.11.2013,0.0003
19.11.2013,0.0035
20.11.2013,-0.0093
21.11.2013,-0.0022
22.11.2013,0.0092
25.11.2013,0.0097
26.11.2013,0.007
27.11.2013,0.0023
28.11.2013,0.0045
29.11.2013,-0.0042
02.12.2013,0.0102
03.12.2013,-0.001
04.12.2013,-0.0044
05.12.2013,-0.013
06.12.2013,0.0118
09.12.2013,0.0052
10.12.2013,-0.0036
11.12.2013,-0.0039
12.12.2013,0.0006
13.12.2013,-0.0007
16.12.2013,0
17.12.2013,0.0021
18.12.2013,0.007
19.12.2013,-0.0025
20.12.2013,0.0102
23.12.2013,0.0067
24.12.2013,0.0043
25.12.2013,0.0008
26.12.2013,0.003
27.12.2013,-0.0012
30.12.2013,-0.001
31.12.2013,0.0014
01.01.2014,-0.0001
02.01.2014,0.0012
03.01.2014,-0.0038
06.01.2014,-0.0138
07.01.2014,0.0132
08.01.2014,0.0077
09.01.2014,0.0049
10.01.2014,-0.0015
13.01.2014,-0.0019
14.01.2014,0.0038
15.01.2014,0.0053
16.01.2014,0.0001
17.01.2014,0.0062
20.01.2014,0.0028
21.01.2014,0.0039
22.01.2014,-0.003
23.01.2014,0.0011
24.01.2014,-0.0086
27.01.2014,-0.0059
28.01.2014,0.003
29.01.2014,0.0072
30.01.2014,0.0024
31.01.2014,-0.0079
03.02.2014,-0.0024
04.02.2014,-0.0065
05.02.2014,-0.0048
06.02.2014,-0.0102
07.02.2014,0.0105
10.02.2014,0.0003
11.02.2014,-0.0022
12.02.2014,0.0013
13.02.2014,0.0123
14.02.2014,-0.0048
17.02.2014,0.0056
18.02.2014,0.0075
19.02.2014,-0.0053
20.02.2014,-0.0031
21.02.2014,0.0025
24.02.2014,0.0032
25.02.2014,0.0089
26.02.2014,0.0085
27.02.2014,-0.0036
28.02.2014,0.0047
03.03.2014,-0.0042
04.03.2014,0.0022
05.03.2014,0.0047
06.03.2014,-0.0072
07.03.2014,0.0078
10.03.2014,0.0094
11.03.2014,-0.0035
12.03.2014,-0.0034
13.03.2014,0.0043
14.03.2014,-0.0004
17.03.2014,0.002
18.03.2014,-0.0039
19.03.2014,-0.0099
20.03.2014,-0.0106
21.03.2014,-0.0066
24.03.2014,-0.0082
25.03.2014,0.0025
26.03.2014,0.0012
27.03.2014,-0.0091
28.03.2014,0.0024
31.03.2014,-0.0024
01.04.2014,0.0022
02.04.2014,-0.0141
03.04.2014,0.0017
04.04.2014,0.0063
07.04.2014,-0.0086
08.04.2014,0.0041
09.04.2014,0.0101
10.04.2014,-0.003
11.04.2014,-0.0105
14.04.2014,0.0018
15.04.2014,0.0073
16.04.2014,-0.0003
17.04.2014,0.0026
18.04.2014,0.0003
21.04.2014,-0.0035
22.04.2014,0.0041
23.04.2014,0.002
24.04.2014,-0.0015
25.04.2014,-0.0066
28.04.2014,0.0019
29.04.2014,0.0058
30.04.2014,0.0002
01.05.2014,-0.0025
02.05.2014,-0.0003
05.05.2014,-0.0047
06.05.2014,0.0014
07.05.2014,-0.0009
08.05.2014,0.0062
09.05.2014,-0.0069
12.05.2014,-0.0003
13.05.2014,0.0079
14.05.2014,0.0028
15.05.2014,0.001
16.05.2014,-0.0018
19.05.2014,-0.001
20.05.2014,-0.0022
21.05.2014,0.0037
22.05.2014,0.0007
23.05.2014,0.0032
26.05.2014,0.0014
27.05.2014,0
28.05.2014,0.0074
29.05.2014,0.0036
30.05.2014,0.001
02.06.2014,-0.006
03.06.2014,-0.0077
04.06.2014,-0.0022
05.06.2014,0.0073
06.06.2014,0.0024
09.06.2014,0.001
10.06.2014,0.0014
11.06.2014,-0.0017
12.06.2014,-0.0025
13.06.2014,0.0023
16.06.2014,-0.0015
17.06.2014,-0.0064
18.06.2014,0.0023
19.06.2014,0.0047
20.06.2014,-0.0014
23.06.2014,-0.0016
24.06.2014,0.0028
25.06.2014,0.005
26.06.2014,0.0078
27.06.2014,0.0015
30.06.2014,0.0046
01.07.2014,0.0039
02.07.2014,-0.0019
03.07.2014,0.0033
04.07.2014,0.0003
07.07.2014,-0.0005
08.07.2014,0.0004
09.07.2014,0.0011
10.07.2014,-0.0061
11.07.2014,0.0051
14.07.2014,-0.0001
15.07.2014,-0.0033
16.07.2014,0.0012
17.07.2014,0.0012
18.07.2014,0.004
21.07.2014,0.0046
22.07.2014,0.0074
23.07.2014,0.0018
24.07.2014,-0.0073
25.07.2014,0.0043
28.07.2014,-0.0039
29.07.2014,0.004
30.07.2014,-0.003
31.07.2014,-0.0127
01.08.2014,-0.0053
04.08.2014,0.0002
05.08.2014,-0.007
06.08.2014,-0.0013
07.08.2014,-0.004
08.08.2014,-0.0004
11.08.2014,0.0126
12.08.2014,0.0033
13.08.2014,0.0101
14.08.2014,0.0066
15.08.2014,0.008
18.08.2014,-0.0014
19.08.2014,0.0044
20.08.2014,0.0019
21.08.2014,-0.0018
22.08.2014,0.0073
25.08.2014,0.006
26.08.2014,0.0019
27.08.2014,0.0034
28.08.2014,-0.0019
29.08.2014,0.0035
01.09.2014,0.0024
02.09.2014,-0.0062
03.09.2014,0.0052
04.09.2014,0.0013
05.09.2014,-0.0009
08.09.2014,-0.0005
09.09.2014,-0.0028
10.09.2014,-0.0054
11.09.2014,0.0008
12.09.2014,-0.0061
15.09.2014,-0.0061
16.09.2014,0.0001
17.09.2014,0.0048
18.09.2014,0.0052
19.09.2014,0.0097
22.09.2014,0.0018
23.09.2014,-0.0036
24.09.2014,0.002
25.09.2014,-0.0043
26.09.2014,0.0042
29.09.2014,-0.0005
30.09.2014,0.0064
01.10.2014,-0.0022
02.10.2014,-0.0042
03.10.2014,0.0034
06.10.2014,-0.014
07.10.2014,-0.0077
08.10.2014,0.0046
09.10.2014,-0.0025
10.10.2014,-0.0022
13.10.2014,-0.0082
14.10.2014,-0.0017
15.10.2014,-0.0041
16.10.2014,-0.0037
17.10.2014,0.0067
20.10.2014,0.0068
21.10.2014,0.007
22.10.2014,0.0013
23.10.2014,0.0032
24.10.2014,-0.0002
27.10.2014,0.0033
28.10.2014,-0.0051
29.10.2014,-0.0052
30.10.2014,0.0066
31.10.2014,0.0062
03.11.2014,0.0047
04.11.2014,0.0035
05.11.2014,0.0052
06.11.2014,0.0003
07.11.2014,-0.0034
10.11.2014,0.0046
11.11.2014,0.0005
12.11.2014,0.0006
13.11.2014,0.0126
14.11.2014,-0.0029
17.11.2014,0.0018
18.11.2014,0.0011
19.11.2014,-0.0015
20.11.2014,0
21.11.2014,-0.0013
24.11.2014,0.0021
25.11.2014,0.0059
26.11.2014,0.0009
27.11.2014,0.0089
28.11.2014,0.0125
01.12.2014,-0.0057
02.12.2014,0.0009
03.12.2014,0.0014
04.12.2014,0.0025
05.12.2014,0.001
08.12.2014,0.0028
09.12.2014,-0.0029
10.12.2014,-0.0016
11.12.2014,0.0032
12.12.2014,0.0037
15.12.2014,-0.003
16.12.2014,0.0019
17.12.2014,0.0006
18.12.2014,0.0062
19.12.2014,0.0035
22.12.2014,0.0061
23.12.2014,-0.0062
24.12.2014,0.0032
25.12.2014,-0.0001
26.12.2014,0.0014
29.12.2014,0.006
30.12.2014,-0.0015
31.12.2014,0.0027
01.01.2015,-0.0001
02.01.2015,0.0113
05.01.2015,0.0031
06.01.2015,0.0004
07.01.2015,-0.0009
08.01.2015,0.002
09.01.2015,0.0012
12.01.2015,0.0098
13.01.2015,0.003
14.01.2015,-0.0007
15.01.2015,-0.0033
16.01.2015,-0.0069
19.01.2015,0.008
20.01.2015,0.0082
21.01.2015,-0.0148
22.01.2015,0.008
23.01.2015,0.015
26.01.2015,0.0002
27.01.2015,-0.0051
28.01.2015,0.0058
29.01.2015,0.0021
30.01.2015,0.0008
02.02.2015,-0.0081
03.02.2015,-0.0177
04.02.2015,0.0035
05.02.2015,-0.0033
06.02.2015,-0.0026
09.02.2015,-0.0054
10.02.2015,0.0059
11.02.2015,0.0046
12.02.2015,-0.0033
13.02.2015,-0.0056
16.02.2015,-0.0017
17.02.2015,-0.0033
18.02.2015,-0.0001
19.02.2015,0.0018
20.02.2015,0.0034
23.02.2015,0.0086
24.02.2015,0.0015
25.02.2015,0.0013
26.02.2015,0.0068
27.02.2015,-0.0025
02.03.2015,-0.001
03.03.2015,-0.0078
04.03.2015,-0.0068
05.03.2015,0.0048
06.03.2015,-0.005
09.03.2015,0.0119
10.03.2015,0.0087
11.03.2015,0.0095
12.03.2015,0.0004
13.03.2015,0.0065
16.03.2015,0.0031
17.03.2015,-0.0029
18.03.2015,-0.0007
19.03.2015,0.0073
20.03.2015,-0.0042
23.03.2015,-0.0077
24.03.2015,0.0021
25.03.2015,-0.0074
26.03.2015,-0.0089
27.03.2015,0.0075
30.03.2015,0.0062
31.03.2015,0.0002
01.04.2015,-0.0059
02.04.2015,-0.0019
03.04.2015,0.0018
06.04.2015,-0.0055
07.04.2015,0.0047
08.04.2015,0.0123
09.04.2015,0.0046
10.04.2015,0.0014
13.04.2015,0.0014
14.04.2015,-0.0016
15.04.2015,0.0007
16.04.2015,0.0003
17.04.2015,-0.0038
20.04.2015,0.003
21.04.2015,0.0028
22.04.2015,-0.0043
23.04.2015,-0.0028
24.04.2015,0.0038
27.04.2015,0.0046
28.04.2015,-0.0063
29.04.2015,-0.0158
30.04.2015,-0.0171
01.05.2015,0.0051
04.05.2015,-0.0039
05.05.2015,-0.0126
06.05.2015,-0.0088
07.05.2015,-0.0057
08.05.2015,0.0046
11.05.2015,0.0038
12.05.2015,-0.0041
13.05.2015,-0.0019
14.05.2015,-0.0041
15.05.2015,0.0064
18.05.2015,-0.0059
19.05.2015,0.0093
20.05.2015,0.001
21.05.2015,0.0053
22.05.2015,0.0086
25.05.2015,0.0055
26.05.2015,0.0033
27.05.2015,0.0006
28.05.2015,-0.0076
29.05.2015,-0.0038
01.06.2015,0.0009
02.06.2015,-0.0062
03.06.2015,0.0044
04.06.2015,-0.0006
05.06.2015,-0.0042
08.06.2015,-0.0048
09.06.2015,-0.0145
10.06.2015,0.0046
11.06.2015,0.0048
12.06.2015,0.001
15.06.2015,-0.0031
16.06.2015,-0.0029
17.06.2015,0.0007
18.06.2015,-0.0036
19.06.2015,0.0043
22.06.2015,0.0099
23.06.2015,0.0032
24.06.2015,-0.002
25.06.2015,0.0004
26.06.2015,-0.0083
29.06.2015,-0.0151
30.06.2015,-0.0009
01.07.2015,0.0058
02.07.2015,-0.0012
03.07.2015,0.0044
06.07.2015,0.0038
07.07.2015,0.003
08.07.2015,-0.0091
09.07.2015,0.0054
10.07.2015,-0.0029
13.07.2015,0.0053
14.07.2015,0.0058
15.07.2015,0.009
16.07.2015,0.0024
17.07.2015,0.0079
20.07.2015,0.0055
21.07.2015,0.0014
22.07.2015,-0.0039
23.07.2015,0.0084
24.07.2015,-0.0008
27.07.2015,-0.0023
28.07.2015,-0.0043
29.07.2015,-0.0023
30.07.2015,0.0088
31.07.2015,0.0074
03.08.2015,0.0038
04.08.2015,-0.0019
05.08.2015,-0.0048
06.08.2015,0.0026
07.08.2015,0.0066
10.08.2015,-0.0032
11.08.2015,0.0064
12.08.2015,-0.0005
13.08.2015,-0.0037
14.08.2015,0.0015
17.08.2015,0.0058
18.08.2015,-0.0026
19.08.2015,0.0046
20.08.2015,-0.0059
21.08.2015,-0.0059
24.08.2015,-0.0064
25.08.2015,-0.0217
26.08.2015,0.0085
27.08.2015,-0.0108
28.08.2015,-0.0045
31.08.2015,-0.0089
01.09.2015,-0.0005
02.09.2015,0.0011
03.09.2015,-0.0016
04.09.2015,0.0054
07.09.2015,0.0028
08.09.2015,-0.0059
09.09.2015,0.0041
10.09.2015,0.001
11.09.2015,0.0029
14.09.2015,-0.0054
15.09.2015,-0.0049
16.09.2015,-0.0041
17.09.2015,0.0045
18.09.2015,0.0057
21.09.2015,-0.0061
22.09.2015,0.007
23.09.2015,0.0057
24.09.2015,-0.0018
25.09.2015,-0.0038
28.09.2015,0.0039
29.09.2015,0.0002
30.09.2015,-0.0018
01.10.2015,0.004
02.10.2015,-0.0065
05.10.2015,-0.0098
06.10.2015,-0.0087
07.10.2015,-0.009
08.10.2015,-0.005
09.10.2015,0.0013
12.10.2015,0.0003
13.10.2015,0.0036
14.10.2015,0.0051
15.10.2015,0.001
16.10.2015,0.003
19.10.2015,-0.0009
20.10.2015,-0.0022
21.10.2015,0.0023
22.10.2015,0.0031
23.10.2015,0.005
26.10.2015,0.0042
27.10.2015,0.0034
28.10.2015,-0.0043
29.10.2015,-0.0012
30.10.2015,-0.0036
02.11.2015,0.0039
03.11.2015,-0.0084
04.11.2015,-0.0016
05.11.2015,0.0069
06.11.2015,0.0004
09.11.2015,-0.0001
10.11.2015,0.0098
11.11.2015,-0.001
12.11.2015,0.0022
13.11.2015,0.0061
16.11.2015,0.006
17.11.2015,0.0004
18.11.2015,0.0015
19.11.2015,-0.0024
20.11.2015,0.0001
23.11.2015,-0.0021
24.11.2015,0.0014
25.11.2015,0.0015
26.11.2015,0.002
27.11.2015,0.0098
30.11.2015,0.0009
01.12.2015,0.002
02.12.2015,0.0062
03.12.2015,-0.0233
04.12.2015,0.0043
07.12.2015,0.0104
08.12.2015,-0.0049
09.12.2015,-0.0108
10.12.2015,0.0009
11.12.2015,-0.003
14.12.2015,0.0047
15.12.2015,-0.0033
16.12.2015,0.0029
17.12.2015,0.0101
18.12.2015,-0.0014
21.12.2015,-0.0004
22.12.2015,-0.0068
23.12.2015,-0.0063
24.12.2015,-0.0041
25.12.2015,-0.0011
28.12.2015,0.0079
29.12.2015,-0.0088
30.12.2015,0.0061
31.12.2015,-0.0049
01.01.2016,-0.0001
04.01.2016,-0.0006
05.01.2016,-0.0022
06.01.2016,0.0096
07.01.2016,-0.0053
08.01.2016,-0.0007
11.01.2016,0.0006
12.01.2016,0.0163
13.01.2016,0.0442
14.01.2016,0.0001
15.01.2016,0.0082
18.01.2016,-0.0007
19.01.2016,0.0003
20.01.2016,0.0127
21.01.2016,-0.0059
22.01.2016,-0.0101
25.01.2016,0.0037
26.01.2016,-0.0003
27.01.2016,-0.0025
28.01.2016,-0.0025
29.01.2016,-0.0001
01.02.2016,-0.0026
02.02.2016,0.0127
03.02.2016,-0.0026
04.02.2016,-0.0075
05.02.2016,0.0019
08.02.2016,0.0001
09.02.2016,0.0048
10.02.2016,0.0014
11.02.2016,0.0147
12.02.2016,-0.0136
15.02.2016,-0.0003
16.02.2016,-0.004
17.02.2016,-0.0088
18.02.2016,0.004
19.02.2016,0.0038
22.02.2016,-0.004
23.02.2016,0.0006
24.02.2016,0.0037
25.02.2016,-0.001
26.02.2016,0.0002
29.02.2016,0.001
01.03.2016,-0.0051
02.03.2016,-0.0091
03.03.2016,0.0003
04.03.2016,-0.0019
07.03.2016,-0.0131
08.03.2016,0.006
09.03.2016,-0.0045
10.03.2016,-0.0122
11.03.2016,0.0042
14.03.2016,0
15.03.2016,-0.0052
16.03.2016,0.0064
17.03.2016,0.0073
18.03.2016,0.0028
21.03.2016,-0.001
22.03.2016,0.0001
23.03.2016,-0.0019
24.03.2016,-0.0084
25.03.2016,0.0018
28.03.2016,0.0025
29.03.2016,0.0023
30.03.2016,0.0007
31.03.2016,-0.0035
01.04.2016,0.0017
04.04.2016,0.0007
05.04.2016,-0.0036
06.04.2016,-0.0011
07.04.2016,-0.0035
08.04.2016,-0.0019
11.04.2016,-0.0016
12.04.2016,-0.0012
13.04.2016,0.0041
14.04.2016,-0.0013
15.04.2016,0.0001
18.04.2016,-0.0016
19.04.2016,0.0018
20.04.2016,-0.0008
21.04.2016,-0.0031
22.04.2016,-0.0088
25.04.2016,-0.0002
26.04.2016,0.0008
27.04.2016,-0.0026
28.04.2016,0.007
29.04.2016,0.0014
02.05.2016,-0.0009
03.05.2016,-0.0036
04.05.2016,-0.013
05.05.2016,-0.0047
06.05.2016,0.0009
09.05.2016,-0.0076
10.05.2016,-0.0001
11.05.2016,0.0123
12.05.2016,-0.0001
13.05.2016,-0.0128
16.05.2016,-0.0002
17.05.2016,0.0078
18.05.2016,-0.0107
19.05.2016,-0.0001
20.05.2016,0.002
23.05.2016,-0.0003
24.05.2016,-0.0036
25.05.2016,0
26.05.2016,0.007
27.05.2016,-0.0006
30.05.2016,0.0024
31.05.2016,-0.0041
01.06.2016,0
02.06.2016,0.0052
03.06.2016,0.0048
06.06.2016,0.004
07.06.2016,0.0066
08.06.2016,0.0059
09.06.2016,-0.0007
10.06.2016,-0.0031
13.06.2016,-0.0033
14.06.2016,-0.0026
15.06.2016,0.0035
16.06.2016,-0.0016
17.06.2016,0.0043
20.06.2016,0.0008
21.06.2016,-0.0037
22.06.2016,-0.0018
23.06.2016,-0.0011
24.06.2016,0.005
27.06.2016,0.0003
28.06.2016,0.011
29.06.2016,0.0071
30.06.2016,-0.0001
01.07.2016,0.0044
04.07.2016,-0.0004
05.07.2016,-0.0009
06.07.2016,-0.0018
07.07.2016,-0.0001
08.07.2016,0.005
11.07.2016,0
12.07.2016,-0.0001
13.07.2016,-0.0004
14.07.2016,-0.0028
15.07.2016,-0.0066
18.07.2016,0.0012
19.07.2016,-0.0001
20.07.2016,-0.0011
21.07.2016,-0.0007
22.07.2016,0.0013
25.07.2016,-0.0023
26.07.2016,0.0023
27.07.2016,0.006
28.07.2016,0.0017
29.07.2016,0.0058
01.08.2016,-0.0022
02.08.2016,-0.0003
03.08.2016,-0.0092
04.08.2016,0.0162
05.08.2016,0.0056
08.08.2016,0.0005
09.08.2016,0.0028
10.08.2016,0.0001
11.08.2016,-0.001
12.08.2016,-0.0041
15.08.2016,0.0005
16.08.2016,-0.0006
17.08.2016,-0.0104
18.08.2016,0.0025
19.08.2016,-0.0001
22.08.2016,-0.0013
23.08.2016,0.0049
24.08.2016,-0.0001
25.08.2016,-0.0036
26.08.2016,-0.0036
29.08.2016,0.0072
30.08.2016,-0.0016
31.08.2016,-0.0043
01.09.2016,-0.0032
02.09.2016,0
05.09.2016,0.0057
06.09.2016,0.0144
07.09.2016,-0.0001
08.09.2016,-0.0024
09.09.2016,-0.0236
12.09.2016,-0.0022
13.09.2016,-0.0003
14.09.2016,-0.0166
15.09.2016,0.0071
16.09.2016,-0.0001
19.09.2016,0.0149
20.09.2016,0
21.09.2016,0.0114
22.09.2016,-0.0002
23.09.2016,-0.0018
26.09.2016,0.0026
27.09.2016,-0.0001
28.09.2016,0.002
29.09.2016,-0.0012
30.09.2016,-0.0022
03.10.2016,0.001
04.10.2016,-0.0052
05.10.2016,0.0045
06.10.2016,0.0029
07.10.2016,0.0045
10.10.2016,0.0064
11.10.2016,-0.0059
12.10.2016,0.0041
13.10.2016,-0.0034
14.10.2016,0
17.10.2016,-0.0006
18.10.2016,0.0045
19.10.2016,0.0002
20.10.2016,0.0001
21.10.2016,-0.0048
24.10.2016,0.0029
25.10.2016,-0.0031
26.10.2016,-0.0114
27.10.2016,-0.0029
28.10.2016,-0.0092
31.10.2016,-0.0069
01.11.2016,-0.0165
02.11.2016,-0.0053
03.11.2016,0.0019
04.11.2016,0.0004
07.11.2016,0.0087
08.11.2016,0.0004
09.11.2016,-0.0076
10.11.2016,-0.0151
11.11.2016,-0.0054
14.11.2016,-0.0016
15.11.2016,0.0004
16.11.2016,0.0022
17.11.2016,0.0016
18.11.2016,0.0026
21.11.2016,0.0004
22.11.2016,-0.0038
23.11.2016,0.0054
24.11.2016,0.0003
25.11.2016,-0.001
28.11.2016,-0.0022
29.11.2016,-0.002
30.11.2016,0.0065
01.12.2016,0.0032
02.12.2016,-0.0034
05.12.2016,0.0038
06.12.2016,0.0084
07.12.2016,0.0003
08.12.2016,0.0031
09.12.2016,0.0008
12.12.2016,0.0005
13.12.2016,0.0029
14.12.2016,0.0002
15.12.2016,0.0065
16.12.2016,0.0005
19.12.2016,0.0026
20.12.2016,-0.0008
21.12.2016,0.0012
22.12.2016,0.0016
23.12.2016,0.0032
26.12.2016,-0.0028
27.12.2016,0.0009
28.12.2016,-0.0012
29.12.2016,-0.0034
30.12.2016,-0.0065
02.01.2017,0.001
03.01.2017,-0.015
04.01.2017,0.0076
05.01.2017,-0.0108
06.01.2017,-0.0038
09.01.2017,0.0001
10.01.2017,0.0001
11.01.2017,0.0125
12.01.2017,-0.0102
13.01.2017,-0.0037
16.01.2017,-0.0049
17.01.2017,-0.0046
18.01.2017,-0.0012
19.01.2017,0.0062
20.01.2017,0
23.01.2017,-0.0026
24.01.2017,0.0022
25.01.2017,0.0024
26.01.2017,-0.0002
27.01.2017,0.0091
30.01.2017,-0.0085
31.01.2017,-0.0119
01.02.2017,0.0064
02.02.2017,0.0032
03.02.2017,0.0065
06.02.2017,0.0036
07.02.2017,0.0039
08.02.2017,0.0086
09.02.2017,0.0001
10.02.2017,0.012
13.02.2017,0.0009
14.02.2017,0.0054
15.02.2017,0.0109
16.02.2017,-0.0084
17.02.2017,-0.0031
20.02.2017,0.0013
21.02.2017,0.0021
22.02.2017,0.0019
23.02.2017,-0.0003
24.02.2017,-0.0097
27.02.2017,-0.0031
28.02.2017,-0.001
01.03.2017,0.0087
02.03.2017,-0.0161
03.03.2017,-0.004
06.03.2017,0.0041
07.03.2017,0.0017
08.03.2017,-0.0131
09.03.2017,-0.0094
10.03.2017,0.001
13.03.2017,-0.0118
14.03.2017,-0.0067
15.03.2017,0.008
16.03.2017,0.0028
17.03.2017,0.0055
20.03.2017,-0.0014
21.03.2017,-0.0092
22.03.2017,-0.0095
23.03.2017,-0.0017
24.03.2017,0.0018
27.03.2017,-0.0117
28.03.2017,0.0027
29.03.2017,0.0033
30.03.2017,0.0002
31.03.2017,-0.0006
03.04.2017,-0.0016
04.04.2017,0.0039
05.04.2017,0.0026
06.04.2017,-0.0081
07.04.2017,-0.0036
10.04.2017,0.0064
11.04.2017,-0.0065
12.04.2017,-0.0026
13.04.2017,-0.0009
14.04.2017,-0.0026
17.04.2017,0.004
18.04.2017,-0.0166
19.04.2017,-0.0016
20.04.2017,0.0048
21.04.2017,-0.0056
24.04.2017,0.0092
25.04.2017,0.0044
26.04.2017,0.0007
27.04.2017,-0.0026
28.04.2017,0.0017
01.05.2017,-0.0017
02.05.2017,0.0084
03.05.2017,0.0021
04.05.2017,-0.0011
05.05.2017,-0.0073
08.05.2017,-0.0011
09.05.2017,0.0027
10.05.2017,0.0054
11.05.2017,0.0092
12.05.2017,0.0068
15.05.2017,0.0066
16.05.2017,-0.0075
17.05.2017,-0.0232
18.05.2017,-0.036
19.05.2017,0.0142
22.05.2017,0.0051
23.05.2017,0.0092
24.05.2017,-0.0004
25.05.2017,0.0103
26.05.2017,0.0005
29.05.2017,-0.0016
30.05.2017,-0.0023
31.05.2017,0.0042
01.06.2017,0.0105
02.06.2017,0.0118
05.06.2017,-0.0059
06.06.2017,0.0053
07.06.2017,-0.0011
08.06.2017,0.0039
09.06.2017,0.0005
12.06.2017,-0.0146
13.06.2017,0.0081
14.06.2017,0.002
15.06.2017,-0.0206
16.06.2017,0.0088
19.06.2017,0.0149
20.06.2017,0.0046
21.06.2017,-0.0009
22.06.2017,0.0089
23.06.2017,-0.0048
26.06.2017,0.0148
27.06.2017,-0.0147
28.06.2017,-0.0091
29.06.2017,-0.0049
30.06.2017,-0.0224
03.07.2017,-0.001
04.07.2017,-0.0126
05.07.2017,0.0075
06.07.2017,-0.0119
07.07.2017,-0.007
10.07.2017,0.0051
11.07.2017,0.0114
12.07.2017,0.0002
13.07.2017,0.0058
14.07.2017,-0.0012
17.07.2017,0.0048
18.07.2017,0.0032
19.07.2017,0.0023
20.07.2017,0.0061
21.07.2017,-0.0034
24.07.2017,-0.0025
25.07.2017,-0.0032
26.07.2017,0.0071
27.07.2017,0.0088
28.07.2017,-0.0053
31.07.2017,0.0044
01.08.2017,0.0034
02.08.2017,0.0068
03.08.2017,-0.004
04.08.2017,-0.0025
07.08.2017,0.0114
08.08.2017,0.0002
09.08.2017,-0.0151
10.08.2017,-0.0172
11.08.2017,-0.0075
14.08.2017,0.002
15.08.2017,-0.0011
16.08.2017,0.0091
17.08.2017,-0.0079
18.08.2017,0.0026
21.08.2017,0.0009
22.08.2017,0.0076
23.08.2017,0.0071
24.08.2017,-0.0021
25.08.2017,0.0088
28.08.2017,-0.0003
29.08.2017,0.0007
30.08.2017,0.0087
31.08.2017,0.0031
01.09.2017,0.0042
04.09.2017,-0.0027
05.09.2017,0.0027
06.09.2017,0.0003
07.09.2017,0.0078
08.09.2017,-0.0022
11.09.2017,0.0045
12.09.2017,-0.0055
13.09.2017,-0.0099
14.09.2017,-0.0009
15.09.2017,-0.0025
18.09.2017,0.0083
19.09.2017,0.0016
20.09.2017,-0.0086
21.09.2017,-0.001
22.09.2017,-0.0075
25.09.2017,-0.0161
26.09.2017,-0.0049
27.09.2017,-0.0016
28.09.2017,0.003
29.09.2017,0.0002
02.10.2017,0
03.10.2017,0.0026
04.10.2017,-0.0042
05.10.2017,-0.0006
06.10.2017,-0.0018
09.10.2017,0.0002
10.10.2017,0.01
11.10.2017,0.0059
12.10.2017,0.0038
13.10.2017,0.001
16.10.2017,0.0087
17.10.2017,-0.0015
18.10.2017,0.0064
19.10.2017,-0.0088
20.10.2017,0.0113
23.10.2017,-0.0104
24.10.2017,0
25.10.2017,0.0002
26.10.2017,0.0035
27.10.2017,0.0048
30.10.2017,0.0019
31.10.2017,0.0116
01.11.2017,0.0135
02.11.2017,-0.0069
03.11.2017,0.0021
06.11.2017,0.0002
07.11.2017,0.0074
08.11.2017,-0.004
09.11.2017,-0.0113
10.11.2017,-0.0067
13.11.2017,-0.0048
14.11.2017,-0.0039
15.11.2017,-0.0068
16.11.2017,0.0053
17.11.2017,-0.0003
20.11.2017,-0.0049
21.11.2017,0.016
22.11.2017,0.0018
23.11.2017,0.0004
24.11.2017,0.0052
27.11.2017,-0.0113
28.11.2017,0.0009
29.11.2017,-0.001
30.11.2017,-0.0107
01.12.2017,0.0023
04.12.2017,-0.0023
05.12.2017,-0.006
06.12.2017,-0.0105
07.12.2017,0.0098
08.12.2017,0.0017
11.12.2017,-0.0003
12.12.2017,-0.0019
13.12.2017,-0.001
14.12.2017,-0.0012
15.12.2017,0.0066
18.12.2017,0.0001
19.12.2017,-0.014
20.12.2017,-0.0043
21.12.2017,-0.0037
22.12.2017,0.0033
25.12.2017,0.0003
26.12.2017,0.0046
27.12.2017,-0.001
28.12.2017,-0.0029
29.12.2017,-0.0038
01.01.2018,-0.0001
02.01.2018,-0.0048
03.01.2018,0.007
04.01.2018,0.0151
05.01.2018,0.003
08.01.2018,0.0009
09.01.2018,0.0021
10.01.2018,-0.0069
11.01.2018,0.0031
12.01.2018,0.0117
15.01.2018,0.0027
16.01.2018,0.0041
17.01.2018,-0.001
18.01.2018,0.0015
19.01.2018,0.0117
22.01.2018,0.0043
23.01.2018,0.0045
24.01.2018,0.011
25.01.2018,-0.0091
26.01.2018,0.0033
29.01.2018,-0.0136
30.01.2018,-0.0193
31.01.2018,0.0007
01.02.2018,0.0038
02.02.2018,-0.0154
05.02.2018,-0.0228
06.02.2018,-0.0183
07.02.2018,-0.0007
08.02.2018,-0.0029
09.02.2018,-0.0034
12.02.2018,-0.0007
13.02.2018,0.0017
14.02.2018,0.001
15.02.2018,-0.0059
16.02.2018,0.0044
19.02.2018,0.0002
20.02.2018,-0.0008
21.02.2018,-0.0041
22.02.2018,-0.002
23.02.2018,-0.0039
26.02.2018,-0.0004
27.02.2018,0.0081
28.02.2018,-0.0022
